{
    "timescale": 0.3,
    "testnums": 50,
    "lif_mean": 0.0007718027918599546,
    "lif_std": 0.0006703452090732753,
    "dyna_mean": 0.0007110408041626215,
    "dyna_std": 0.0008214762201532722
}