{
    "timescale": 0.7,
    "testnums": 50,
    "lif_mean": 0.0021224908996373415,
    "lif_std": 0.0022605429403483868,
    "dyna_mean": 0.0011690962128341198,
    "dyna_std": 0.001036774250678718
}