{
    "mse_lif": 0.00013478804612532258,
    "mse_dyna": 1.012672328215558e-06
}