{
    "timescale": 3.0,
    "testnums": 50,
    "lif_mean": 5.297893221722916e-05,
    "lif_std": 0.00014762720093131065,
    "dyna_mean": 4.1754783524083905e-06,
    "dyna_std": 7.889845619502012e-06
}