{
    "timescale": 5.0,
    "testnums": 50,
    "lif_mean": 0.015781426802277565,
    "lif_std": 0.012402001768350601,
    "dyna_mean": 0.925625741481781,
    "dyna_std": 1.050644874572754
}