{
    "mean": 0.8854166666666666,
    "std": 0.09081039465709737,
    "epoch": 396
}