{
    "timescale": 5.0,
    "testnums": 50,
    "lif_mean": 0.0016908390680328012,
    "lif_std": 0.0023280945606529713,
    "dyna_mean": 0.05099686607718468,
    "dyna_std": 0.0721239373087883
}