{
    "timescale": 6.0,
    "testnums": 50,
    "lif_mean": 0.0008770832209847867,
    "lif_std": 0.0016937385080382228,
    "dyna_mean": 5.183419125387445e-05,
    "dyna_std": 4.072226874995977e-05
}