{
    "timescale": 0.1,
    "testnums": 50,
    "lif_mean": 0.009017501026391983,
    "lif_std": 0.012972000055015087,
    "dyna_mean": 0.0016567530110478401,
    "dyna_std": 0.0018139244057238102
}