{
    "mse_lif": 5.8507954236119986e-05,
    "mse_dyna": 1.3336165466171224e-05
}