{
    "mse_lif": 0.0008258684538304806,
    "mse_dyna": 1.5104376416275045e-07
}