{
    "mse_lif": 2.3939462607813766e-06,
    "mse_dyna": 8.561224618119923e-09
}