{
    "timescale": 8.0,
    "testnums": 50,
    "lif_mean": 0.0019279895350337029,
    "lif_std": 0.0029668996576219797,
    "dyna_mean": 0.00019251792400609702,
    "dyna_std": 0.0002458775124978274
}