{
    "timescale": 4.0,
    "testnums": 50,
    "lif_mean": 4.3156338506378233e-05,
    "lif_std": 6.890533404657617e-05,
    "dyna_mean": 3.5094160466542235e-06,
    "dyna_std": 6.009820026520174e-06
}