{
    "timescale": 4.0,
    "testnums": 50,
    "lif_mean": 8.29683983738505e-07,
    "lif_std": 2.2935801098356023e-06,
    "dyna_mean": 6.979944089380297e-08,
    "dyna_std": 1.6072306152636884e-07
}