{
    "timescale": 0.2,
    "testnums": 50,
    "lif_mean": 0.0006542874616570771,
    "lif_std": 0.0005154874525032938,
    "dyna_mean": 0.0006391927017830312,
    "dyna_std": 0.0007111091981641948
}