{
    "max": {
        "target_x": 0.026380350254918403,
        "target_y": 0.0175869001699511
    },
    "min": {
        "target_x": -0.0263803502549265,
        "target_y": -0.017586900169941102
    }
}