{
    "timescale": 0.4,
    "testnums": 50,
    "lif_mean": 0.033113993704319,
    "lif_std": 0.02592974342405796,
    "dyna_mean": 0.03190229833126068,
    "dyna_std": 0.01895965076982975
}