{
    "timescale": 0.2,
    "testnums": 50,
    "lif_mean": 0.02963321842253208,
    "lif_std": 0.07885509729385376,
    "dyna_mean": 0.03017721138894558,
    "dyna_std": 0.047083090990781784
}