{
    "mean": 0.015583935659378767,
    "std": 0.0015756660141050816,
    "epoch": 85
}