{
    "mean": 0.8784722222222222,
    "std": 0.07283394778959386
}