{
    "timescale": 3.0,
    "testnums": 50,
    "lif_mean": 4.845533112529665e-05,
    "lif_std": 3.929301237803884e-05,
    "dyna_mean": 7.653806278540287e-06,
    "dyna_std": 4.979629011359066e-06
}