{
    "timescale": 0.1,
    "testnums": 50,
    "lif_mean": 5.279672041069716e-05,
    "lif_std": 2.962119469884783e-05,
    "dyna_mean": 2.857945582945831e-05,
    "dyna_std": 2.4607097657280974e-05
}