{
    "timescale": 0.2,
    "testnums": 50,
    "lif_mean": 7.245653978316113e-05,
    "lif_std": 5.430097735370509e-05,
    "dyna_mean": 2.5825889679254033e-05,
    "dyna_std": 2.6235800760332495e-05
}