{
    "timescale": 7.0,
    "testnums": 50,
    "lif_mean": 5.4664425988448784e-05,
    "lif_std": 5.780085120932199e-05,
    "dyna_mean": 8.045482900342904e-06,
    "dyna_std": 5.270810106594581e-06
}