{
    "timescale": 2.0,
    "testnums": 50,
    "lif_mean": 3.1658582884119824e-05,
    "lif_std": 3.009447391377762e-05,
    "dyna_mean": 6.894763373566093e-06,
    "dyna_std": 5.109113317303127e-06
}