{
    "timescale": 0.9,
    "testnums": 50,
    "lif_mean": 3.9175556594273075e-05,
    "lif_std": 2.9518947485485114e-05,
    "dyna_mean": 3.200962601113133e-05,
    "dyna_std": 2.368736568314489e-05
}