{
    "timescale": 0.5,
    "testnums": 50,
    "lif_mean": 4.096505290362984e-05,
    "lif_std": 2.996744296979159e-05,
    "dyna_mean": 1.5239044842019212e-05,
    "dyna_std": 9.760850844031665e-06
}