{
    "timescale": 0.6,
    "testnums": 50,
    "lif_mean": 4.109428118681535e-05,
    "lif_std": 2.856737410183996e-05,
    "dyna_mean": 1.707590854493901e-05,
    "dyna_std": 1.4122452739684377e-05
}