{
    "timescale": 3.0,
    "testnums": 50,
    "lif_mean": 4.6887384087312967e-05,
    "lif_std": 4.9275906349066645e-05,
    "dyna_mean": 7.193776127678575e-06,
    "dyna_std": 5.251724815025227e-06
}