{
    "timescale": 0.4,
    "testnums": 50,
    "lif_mean": 6.29894930170849e-05,
    "lif_std": 3.817510878434405e-05,
    "dyna_mean": 1.635442276892718e-05,
    "dyna_std": 1.268868254555855e-05
}