{
    "timescale": 0.7,
    "testnums": 50,
    "lif_mean": 4.571796307573095e-05,
    "lif_std": 2.7985102860839106e-05,
    "dyna_mean": 2.1382144041126594e-05,
    "dyna_std": 1.2222004443174228e-05
}