{
    "timescale": 0.9,
    "testnums": 50,
    "lif_mean": 4.049600102007389e-05,
    "lif_std": 3.213737363694236e-05,
    "dyna_mean": 3.344461947563104e-05,
    "dyna_std": 2.6307008738513105e-05
}