{
    "timescale": 9.0,
    "testnums": 50,
    "lif_mean": 2.6569388865027577e-05,
    "lif_std": 3.173928053001873e-05,
    "dyna_mean": 4.773811269842554e-06,
    "dyna_std": 3.6255062241252745e-06
}