{
    "timescale": 0.8,
    "testnums": 50,
    "lif_mean": 3.871457738569006e-05,
    "lif_std": 2.8069198378943838e-05,
    "dyna_mean": 2.4644550649099983e-05,
    "dyna_std": 1.6871874322532676e-05
}