{
    "timescale": 0.2,
    "testnums": 50,
    "lif_mean": 7.752743840683252e-05,
    "lif_std": 6.273581675486639e-05,
    "dyna_mean": 3.1174306059256196e-05,
    "dyna_std": 3.5484386899042875e-05
}