{
    "timescale": 10.0,
    "testnums": 50,
    "lif_mean": 6.215103348949924e-05,
    "lif_std": 6.820158159825951e-05,
    "dyna_mean": 7.943119271658361e-06,
    "dyna_std": 5.618597242573742e-06
}