{
    "timescale": 4.0,
    "testnums": 50,
    "lif_mean": 5.4483767598867416e-05,
    "lif_std": 6.986254447838292e-05,
    "dyna_mean": 7.056321464915527e-06,
    "dyna_std": 4.882570010522613e-06
}