{
    "timescale": 0.3,
    "testnums": 50,
    "lif_mean": 7.485733658540994e-05,
    "lif_std": 6.315990322036669e-05,
    "dyna_mean": 1.7978367395699024e-05,
    "dyna_std": 1.4857622772979084e-05
}