{
    "timescale": 2.0,
    "testnums": 50,
    "lif_mean": 2.745122037595138e-05,
    "lif_std": 2.557464540586807e-05,
    "dyna_mean": 5.8481791711528786e-06,
    "dyna_std": 4.797333986061858e-06
}