{
    "timescale": 0.1,
    "testnums": 50,
    "lif_mean": 5.7142722653225064e-05,
    "lif_std": 2.9081787943141535e-05,
    "dyna_mean": 3.455467594903894e-05,
    "dyna_std": 3.704863411257975e-05
}