{
    "timescale": 6.0,
    "testnums": 50,
    "lif_mean": 4.307249400881119e-05,
    "lif_std": 4.943872772855684e-05,
    "dyna_mean": 6.515674158436013e-06,
    "dyna_std": 5.358680937206373e-06
}