{
    "timescale": 8.0,
    "testnums": 50,
    "lif_mean": 3.932027175324038e-05,
    "lif_std": 5.29460703546647e-05,
    "dyna_mean": 6.6581628743733745e-06,
    "dyna_std": 4.689758952736156e-06
}