{
    "timescale": 5.0,
    "testnums": 50,
    "lif_mean": 3.964579082094133e-05,
    "lif_std": 5.180647349334322e-05,
    "dyna_mean": 6.034596026438521e-06,
    "dyna_std": 5.1810939112328924e-06
}