{
    "timescale": 6.0,
    "testnums": 50,
    "lif_mean": 0.015771526843309402,
    "lif_std": 0.012651048600673676,
    "dyna_mean": 1.0224238634109497,
    "dyna_std": 1.1631388664245605
}