{
    "timescale": 3.0,
    "testnums": 50,
    "lif_mean": 4.333030301495455e-05,
    "lif_std": 9.25658387131989e-05,
    "dyna_mean": 2.358964138693409e-06,
    "dyna_std": 3.229255526093766e-06
}