{
    "mean": 0.809375,
    "std": 0.04463392767839281,
    "epoch": 679
}