{
    "timescale": 4.0,
    "testnums": 50,
    "lif_mean": 9.77277977654012e-07,
    "lif_std": 2.8098222628614167e-06,
    "dyna_mean": 9.626540986573673e-08,
    "dyna_std": 2.720617828799732e-07
}