{
    "mse_lif": 8.81359119375702e-06,
    "mse_dyna": 1.5610072523486451e-06
}