{
    "timescale": 4.0,
    "testnums": 50,
    "lif_mean": 3.370880222064443e-05,
    "lif_std": 4.373885894892737e-05,
    "dyna_mean": 3.272088633821113e-06,
    "dyna_std": 3.182828322678688e-06
}