{
    "timescale": 0.5,
    "testnums": 50,
    "lif_mean": 1.6859468814800493e-05,
    "lif_std": 1.732263990561478e-05,
    "dyna_mean": 1.5652352885808796e-05,
    "dyna_std": 1.7381667930749245e-05
}