{
    "timescale": 0.5,
    "testnums": 50,
    "lif_mean": 2.9446744065353414e-06,
    "lif_std": 6.818566816946259e-06,
    "dyna_mean": 5.337615789358097e-07,
    "dyna_std": 2.083565277644084e-06
}