{
    "timescale": 0.7,
    "testnums": 50,
    "lif_mean": 2.8814561119361315e-06,
    "lif_std": 6.2052376961219124e-06,
    "dyna_mean": 1.0329753195037483e-06,
    "dyna_std": 2.8361610020510852e-06
}