{
    "timescale": 0.7,
    "testnums": 50,
    "lif_mean": 2.436621616652701e-05,
    "lif_std": 2.4888939151423983e-05,
    "dyna_mean": 1.4654998267360497e-05,
    "dyna_std": 1.2642301953746937e-05
}