{
    "timescale": 0.2,
    "testnums": 50,
    "lif_mean": 0.0029865659307688475,
    "lif_std": 0.00666708592325449,
    "dyna_mean": 0.0003700191155076027,
    "dyna_std": 0.00046787073370069265
}