{
    "timescale": 0.1,
    "testnums": 50,
    "lif_mean": 0.03836420923471451,
    "lif_std": 0.03756500035524368,
    "dyna_mean": 0.03446526825428009,
    "dyna_std": 0.02749914489686489
}