{
    "timescale": 0.5,
    "testnums": 50,
    "lif_mean": 0.0024669698905199766,
    "lif_std": 0.0037977644242346287,
    "dyna_mean": 0.00047314658877439797,
    "dyna_std": 0.0005319082411006093
}