{
    "mse_lif": 0.0064924112521111965,
    "mse_dyna": 0.0064924112521111965
}