{
    "timescale": 0.2,
    "testnums": 50,
    "lif_mean": 8.784849342191592e-06,
    "lif_std": 1.2368245734251104e-05,
    "dyna_mean": 1.3068710131847183e-06,
    "dyna_std": 3.4937893360620365e-06
}