{
    "mse_lif": 0.00010409361129859462,
    "mse_dyna": 2.610693400129094e-06
}