{
    "timescale": 0.5,
    "testnums": 50,
    "lif_mean": 3.3557118968019495e-06,
    "lif_std": 7.121333510440309e-06,
    "dyna_mean": 7.544333016085147e-07,
    "dyna_std": 2.3335915102506988e-06
}