{
    "timescale": 0.1,
    "testnums": 50,
    "lif_mean": 1.884380071714986e-05,
    "lif_std": 2.1993160771671683e-05,
    "dyna_mean": 2.8182295864098705e-05,
    "dyna_std": 3.854990427498706e-05
}