{
    "timescale": 0.4,
    "testnums": 50,
    "lif_mean": 0.009776391088962555,
    "lif_std": 0.006120717618614435,
    "dyna_mean": 0.015430714935064316,
    "dyna_std": 0.014632315374910831
}