{
    "mean": 0.0052545745857059956,
    "std": 0.0001291680304713779,
    "epoch": 175
}