{
    "mean": 0.005383656233210455,
    "std": 0.00021730596715475068,
    "epoch": 96
}