{
    "timescale": 2.0,
    "testnums": 50,
    "lif_mean": 0.0009985934011638165,
    "lif_std": 0.0010550306178629398,
    "dyna_mean": 5.801258157589473e-05,
    "dyna_std": 3.122628550045192e-05
}