{
    "timescale": 1.0,
    "testnums": 50,
    "lif_mean": 2.643676270963624e-05,
    "lif_std": 1.4842406926618423e-05,
    "dyna_mean": 2.5709709007060155e-05,
    "dyna_std": 1.4707942682434805e-05
}