{
    "timescale": 0.7,
    "testnums": 50,
    "lif_mean": 8.517572860000655e-05,
    "lif_std": 4.85539021610748e-05,
    "dyna_mean": 3.719018422998488e-05,
    "dyna_std": 1.689251985226292e-05
}