{
    "timescale": 0.2,
    "testnums": 50,
    "lif_mean": 0.00011426984565332532,
    "lif_std": 6.299106462392956e-05,
    "dyna_mean": 6.192174623720348e-05,
    "dyna_std": 5.3528419812209904e-05
}