{
    "timescale": 0.3,
    "testnums": 50,
    "lif_mean": 0.00011115310917375609,
    "lif_std": 7.621906843269244e-05,
    "dyna_mean": 3.608046972658485e-05,
    "dyna_std": 2.217036671936512e-05
}