{
    "timescale": 4.0,
    "testnums": 50,
    "lif_mean": 0.00011762192298192531,
    "lif_std": 0.00011726350930985063,
    "dyna_mean": 1.83899264811771e-05,
    "dyna_std": 8.7546386566828e-06
}