{
    "timescale": 0.6,
    "testnums": 50,
    "lif_mean": 2.398765900579747e-06,
    "lif_std": 4.959816578775644e-06,
    "dyna_mean": 6.638751983700786e-07,
    "dyna_std": 1.8434764115227154e-06
}