{
    "mse_lif": 0.00019628758309409022,
    "mse_dyna": 3.6412950521480525e-06
}