{
    "mean": 0.006032720301300287,
    "std": 0.0007425126803481445,
    "epoch": 177
}