{
    "timescale": 0.5,
    "testnums": 50,
    "lif_mean": 2.001378743443638e-05,
    "lif_std": 1.8978047592099756e-05,
    "dyna_mean": 1.947870259755291e-05,
    "dyna_std": 2.066388333332725e-05
}