{
    "timescale": 0.8,
    "testnums": 50,
    "lif_mean": 0.001474173041060567,
    "lif_std": 0.0026718894951045513,
    "dyna_mean": 0.0011772910365834832,
    "dyna_std": 0.002092222450301051
}