{
    "timescale": 3.0,
    "testnums": 50,
    "lif_mean": 0.0010800878517329693,
    "lif_std": 0.0014509019674733281,
    "dyna_mean": 0.013326871208846569,
    "dyna_std": 0.022518979385495186
}