{
    "timescale": 8.0,
    "testnums": 50,
    "lif_mean": 8.341162174474448e-05,
    "lif_std": 0.00018025236204266548,
    "dyna_mean": 4.605874892149586e-06,
    "dyna_std": 6.90249771650997e-06
}