{
    "max": {
        "target_x": 0.002513207998405209,
        "target_y": 0.0018849339581267187
    },
    "min": {
        "target_x": -0.0025132149004366555,
        "target_y": -0.0018849524211833391
    }
}