{
    "timescale": 0.3,
    "testnums": 50,
    "lif_mean": 0.00442044623196125,
    "lif_std": 0.010950593277812004,
    "dyna_mean": 0.0013829044764861465,
    "dyna_std": 0.0029908446595072746
}