{
    "timescale": 0.7,
    "testnums": 2,
    "lif_mean": 0.00011803387315012515,
    "lif_std": 0.00010446200030855834,
    "dyna_mean": 5.0139642553403974e-05,
    "dyna_std": 4.049863855470903e-05
}