{
    "timescale": 0.9,
    "testnums": 50,
    "lif_mean": 0.00206967000849545,
    "lif_std": 0.002270564902573824,
    "dyna_mean": 0.001681290683336556,
    "dyna_std": 0.0017082176636904478
}