{
    "timescale": 0.9,
    "testnums": 50,
    "lif_mean": 0.004626189824193716,
    "lif_std": 0.010952974669635296,
    "dyna_mean": 0.004297309089452028,
    "dyna_std": 0.010137628763914108
}