{
    "timescale": 0.5,
    "testnums": 50,
    "lif_mean": 2.9037459171377122e-05,
    "lif_std": 3.335854489705525e-05,
    "dyna_mean": 1.0102678061230108e-05,
    "dyna_std": 1.024453104037093e-05
}