{
    "timescale": 0.3,
    "testnums": 50,
    "lif_mean": 0.016108715906739235,
    "lif_std": 0.036897625774145126,
    "dyna_mean": 0.009772617369890213,
    "dyna_std": 0.017160218209028244
}