{
    "timescale": 0.2,
    "testnums": 50,
    "lif_mean": 0.000824516813736409,
    "lif_std": 0.0010413061827421188,
    "dyna_mean": 0.0008458522497676313,
    "dyna_std": 0.001149059273302555
}