{
    "timescale": 0.9,
    "testnums": 50,
    "lif_mean": 4.160548996878788e-05,
    "lif_std": 5.253724521026015e-05,
    "dyna_mean": 3.501058745314367e-05,
    "dyna_std": 4.1484858229523525e-05
}