{
    "timescale": 3.0,
    "testnums": 50,
    "lif_mean": 0.0014338945038616657,
    "lif_std": 0.0019204088021069765,
    "dyna_mean": 7.607301813550293e-05,
    "dyna_std": 3.809322515735403e-05
}