{
    "timescale": 0.5,
    "testnums": 50,
    "lif_mean": 0.0014326954260468483,
    "lif_std": 0.001847675652243197,
    "dyna_mean": 0.00030400388641282916,
    "dyna_std": 0.0002801382797770202
}