{
    "timescale": 7.0,
    "testnums": 50,
    "lif_mean": 2.4595087211309874e-07,
    "lif_std": 1.2139934142396669e-06,
    "dyna_mean": 2.361352891000479e-08,
    "dyna_std": 9.20476068699827e-08
}