{
    "mean": 0.8402777777777778,
    "std": 0.09368567752244472,
    "epoch": 561
}