{
    "mean": 0.8680555555555556,
    "std": 0.09635025642716394,
    "epoch": 797
}