{
    "mean": 0.8506944444444444,
    "std": 0.09857687199012771,
    "epoch": 671
}