{
    "timescale": 9.0,
    "testnums": 50,
    "lif_mean": 4.381009057397023e-05,
    "lif_std": 6.970229151193053e-05,
    "dyna_mean": 2.8049287266185274e-06,
    "dyna_std": 3.2440705126646208e-06
}