{
    "timescale": 0.1,
    "testnums": 50,
    "lif_mean": 0.028103189542889595,
    "lif_std": 0.0489523820579052,
    "dyna_mean": 0.012801718898117542,
    "dyna_std": 0.018401777371764183
}