{
    "mean": 0.014751834236085415,
    "std": 0.0018594863506623046,
    "epoch": 47
}