{
    "timescale": 7.0,
    "testnums": 50,
    "lif_mean": 4.676861863117665e-05,
    "lif_std": 6.624660454690456e-05,
    "dyna_mean": 3.1942902296577813e-06,
    "dyna_std": 3.0143564799800515e-06
}