{
    "timescale": 7.0,
    "testnums": 50,
    "lif_mean": 2.99339291132128e-07,
    "lif_std": 1.367556592413166e-06,
    "dyna_mean": 3.4273401894324707e-08,
    "dyna_std": 1.067587689362881e-07
}