{
    "mse_lif": 0.05644393339753151,
    "mse_dyna": 0.0018166986992582679
}