{
    "timescale": 2.0,
    "testnums": 50,
    "lif_mean": 7.449847316820524e-07,
    "lif_std": 2.504117674106965e-06,
    "dyna_mean": 7.434069715372971e-08,
    "dyna_std": 2.806459065141098e-07
}