{
    "mse_lif": 0.00010561529779806733,
    "mse_dyna": 1.1545731126716419e-07
}