{
    "timescale": 0.1,
    "testnums": 50,
    "lif_mean": 2.722339741012547e-05,
    "lif_std": 3.4412489185342565e-05,
    "dyna_mean": 5.760963540524244e-05,
    "dyna_std": 9.928028885042295e-05
}