{
    "mse_lif": 1.576469003339298e-05,
    "mse_dyna": 3.1393249173561344e-06
}