{
    "mse_lif": 0.00019927819084841758,
    "mse_dyna": 5.320961236066069e-07
}