{
    "mean": 0.4513888888888889,
    "std": 0.04684283876122236,
    "epoch": 4
}