{
    "mean": 0.6319444444444444,
    "std": 0.08433998473257721,
    "epoch": 45
}