{
    "mean": 0.6770833333333334,
    "std": 0.09660019266141358,
    "epoch": 139
}