{
    "mean": 0.8159722222222222,
    "std": 0.09368567752244472,
    "epoch": 645
}