{
    "mean": 0.6909722222222222,
    "std": 0.11547423019663813,
    "epoch": 297
}