{
    "mean": 0.7048611111111112,
    "std": 0.12851913557862327,
    "epoch": 326
}