{
    "mse_lif": 0.004620925057679415,
    "mse_dyna": 2.328085656699841e-06
}