{
    "mse_lif": 0.00013833644334226847,
    "mse_dyna": 1.8016073966009571e-07
}