{
    "timescale": 5.0,
    "testnums": 50,
    "lif_mean": 3.1495012080995366e-05,
    "lif_std": 5.744400914409198e-05,
    "dyna_mean": 2.6091809104400454e-06,
    "dyna_std": 3.70136740457383e-06
}