{
    "timescale": 3.0,
    "testnums": 50,
    "lif_mean": 0.002041144296526909,
    "lif_std": 0.0026252656243741512,
    "dyna_mean": 6.89103762852028e-05,
    "dyna_std": 3.804104562732391e-05
}