{
    "timescale": 7.0,
    "testnums": 50,
    "lif_mean": 4.3035735870944336e-05,
    "lif_std": 6.460031727328897e-05,
    "dyna_mean": 2.5452736736042425e-06,
    "dyna_std": 3.5969260352430865e-06
}