{
    "mse_lif": 0.0001435668091289699,
    "mse_dyna": 2.480720979747275e-07
}