{
    "mse_lif": 2.3841097572585568e-05,
    "mse_dyna": 1.3002953892282676e-05
}