{
    "timescale": 3.0,
    "testnums": 50,
    "lif_mean": 4.859223554376513e-05,
    "lif_std": 0.00010125122935278341,
    "dyna_mean": 3.422232111915946e-06,
    "dyna_std": 5.474977115227375e-06
}