{
    "timescale": 7.0,
    "testnums": 50,
    "lif_mean": 0.0029352479614317417,
    "lif_std": 0.0030695742461830378,
    "dyna_mean": 0.00011824828834505752,
    "dyna_std": 5.146208786754869e-05
}