{
    "mse_lif": 4.963673563906923e-05,
    "mse_dyna": 5.5343107305816375e-06
}