{
    "mean": 0.6041666666666666,
    "std": 0.13975424859373686
}