{
    "model": "model_epoch_60.pth",
    "mean": 0.7951388888888888,
    "std": 0.07233564811110993
}