{
    "mse_lif": 3.1112489523366094e-05,
    "mse_dyna": 1.634378895687405e-05
}