{
    "mse_lif": 7.280636054929346e-05,
    "mse_dyna": 3.1724091513751773e-06
}