{
    "timescale": 10.0,
    "testnums": 50,
    "lif_mean": 0.00603753887116909,
    "lif_std": 0.014090757817029953,
    "dyna_mean": 0.0008524457225576043,
    "dyna_std": 0.0019222900737076998
}