{
    "mse_lif": 4.6272405597846955e-05,
    "mse_dyna": 5.411349320638692e-06
}