{
    "mean": 0.8506944444444444,
    "std": 0.10075429255935352,
    "epoch": 605
}