{
    "mean": 0.8333333333333334,
    "std": 0.11315396345000224,
    "epoch": 298
}