{
    "mean": 0.008141150884330272,
    "std": 0.00015448086261418562,
    "epoch": 93
}