{
    "mean": 0.007285976968705654,
    "std": 0.00028957197861691816,
    "epoch": 197
}