{
    "timescale": 8.0,
    "testnums": 50,
    "lif_mean": 0.002949849935248494,
    "lif_std": 0.0033298584166914225,
    "dyna_mean": 0.22006851434707642,
    "dyna_std": 0.2901029884815216
}