{
    "mean": 0.8298611111111112,
    "std": 0.08729031312483704,
    "epoch": 382
}