{
    "timescale": 0.5,
    "testnums": 50,
    "lif_mean": 0.002832459518685937,
    "lif_std": 0.0035086050629615784,
    "dyna_mean": 0.0005161286680959165,
    "dyna_std": 0.00045217786100693047
}