{
    "mse_lif": 0.11243357509374619,
    "mse_dyna": 0.003840614575892687
}