{
    "timescale": 0.9,
    "testnums": 50,
    "lif_mean": 5.771559153799899e-05,
    "lif_std": 3.960789035772905e-05,
    "dyna_mean": 4.499121496337466e-05,
    "dyna_std": 3.519386154948734e-05
}