{
    "timescale": 3.0,
    "testnums": 50,
    "lif_mean": 5.4926713346503675e-05,
    "lif_std": 5.215530836721882e-05,
    "dyna_mean": 1.8334249034523964e-05,
    "dyna_std": 1.0009676771005616e-05
}