{
    "timescale": 4.0,
    "testnums": 50,
    "lif_mean": 4.681733844336122e-05,
    "lif_std": 4.643819193006493e-05,
    "dyna_mean": 1.5905878171906807e-05,
    "dyna_std": 1.0078488230647054e-05
}