{
    "timescale": 0.9,
    "testnums": 50,
    "lif_mean": 5.842834070790559e-05,
    "lif_std": 4.0543229260947555e-05,
    "dyna_mean": 4.510000508162193e-05,
    "dyna_std": 3.5625638702185825e-05
}