{
    "timescale": 0.7,
    "testnums": 50,
    "lif_mean": 5.829317888128571e-05,
    "lif_std": 3.9102727896533906e-05,
    "dyna_mean": 2.798349851218518e-05,
    "dyna_std": 1.8678429114515893e-05
}