{
    "timescale": 0.4,
    "testnums": 50,
    "lif_mean": 6.884300819365308e-05,
    "lif_std": 3.83294427592773e-05,
    "dyna_mean": 2.130396205757279e-05,
    "dyna_std": 1.3197893167671282e-05
}