{
    "timescale": 5.0,
    "testnums": 50,
    "lif_mean": 5.495461664395407e-05,
    "lif_std": 8.242352487286553e-05,
    "dyna_mean": 1.6972106095636263e-05,
    "dyna_std": 1.0245738849334884e-05
}