{
    "timescale": 0.8,
    "testnums": 50,
    "lif_mean": 4.8412370233563706e-05,
    "lif_std": 3.1187253625830635e-05,
    "dyna_mean": 2.897313970606774e-05,
    "dyna_std": 2.0545150619000196e-05
}