{
    "timescale": 0.1,
    "testnums": 50,
    "lif_mean": 5.844325278303586e-05,
    "lif_std": 3.1245195714291185e-05,
    "dyna_mean": 3.487899812171236e-05,
    "dyna_std": 4.126770363654941e-05
}