{
    "timescale": 0.3,
    "testnums": 50,
    "lif_mean": 7.967800047481433e-05,
    "lif_std": 4.3953008571406826e-05,
    "dyna_mean": 2.2696789528708905e-05,
    "dyna_std": 1.7116559320129454e-05
}