{
    "timescale": 0.8,
    "testnums": 50,
    "lif_mean": 5.627491191262379e-05,
    "lif_std": 3.788231697399169e-05,
    "dyna_mean": 3.500987804727629e-05,
    "dyna_std": 2.3580485503771342e-05
}