{
    "timescale": 0.5,
    "testnums": 50,
    "lif_mean": 3.93585542042274e-05,
    "lif_std": 2.4537121134926565e-05,
    "dyna_mean": 1.6794272596598603e-05,
    "dyna_std": 1.2880019312433433e-05
}