{
    "timescale": 1.0,
    "testnums": 50,
    "lif_mean": 2.4364944692933932e-05,
    "lif_std": 1.4359108718053903e-05,
    "dyna_mean": 1.9988807252957486e-05,
    "dyna_std": 1.1978953807556536e-05
}