{
    "timescale": 6.0,
    "testnums": 50,
    "lif_mean": 5.689799945685081e-05,
    "lif_std": 5.775071258540265e-05,
    "dyna_mean": 1.7311738702119328e-05,
    "dyna_std": 8.577407243137714e-06
}