{
    "timescale": 1.0,
    "testnums": 50,
    "lif_mean": 2.3225586119224317e-05,
    "lif_std": 1.4997332073107827e-05,
    "dyna_mean": 1.908664489747025e-05,
    "dyna_std": 1.2993986274523195e-05
}