{
    "timescale": 0.1,
    "testnums": 50,
    "lif_mean": 5.847880311193876e-05,
    "lif_std": 3.480940358713269e-05,
    "dyna_mean": 3.425836257520132e-05,
    "dyna_std": 3.681717498693615e-05
}