{
    "timescale": 10.0,
    "testnums": 50,
    "lif_mean": 4.7669735067756847e-05,
    "lif_std": 5.810653601656668e-05,
    "dyna_mean": 1.660193629504647e-05,
    "dyna_std": 9.205680726154242e-06
}