{
    "timescale": 7.0,
    "testnums": 50,
    "lif_mean": 7.714909588685259e-05,
    "lif_std": 0.00011427475692471489,
    "dyna_mean": 1.812702430470381e-05,
    "dyna_std": 1.0843080417544115e-05
}