{
    "timescale": 3.0,
    "testnums": 50,
    "lif_mean": 4.1863870137603953e-05,
    "lif_std": 3.700047454913147e-05,
    "dyna_mean": 1.7462421965319663e-05,
    "dyna_std": 9.819820661505219e-06
}