{
    "timescale": 2.0,
    "testnums": 50,
    "lif_mean": 2.9705946872127242e-05,
    "lif_std": 2.8627422580029815e-05,
    "dyna_mean": 1.630485348869115e-05,
    "dyna_std": 9.570273505232763e-06
}