{
    "timescale": 2.0,
    "testnums": 50,
    "lif_mean": 3.0414126740652137e-05,
    "lif_std": 2.3840948415454477e-05,
    "dyna_mean": 1.6666730516590178e-05,
    "dyna_std": 1.0388092050561681e-05
}