{
    "timescale": 0.6,
    "testnums": 50,
    "lif_mean": 4.97601467941422e-05,
    "lif_std": 3.317635128041729e-05,
    "dyna_mean": 2.144554673577659e-05,
    "dyna_std": 1.4723848835274111e-05
}