{
    "timescale": 9.0,
    "testnums": 50,
    "lif_mean": 4.770034865941852e-05,
    "lif_std": 5.5870055803097785e-05,
    "dyna_mean": 1.542281279398594e-05,
    "dyna_std": 1.0098885468323715e-05
}