{
    "timescale": 8.0,
    "testnums": 50,
    "lif_mean": 6.147719250293449e-05,
    "lif_std": 6.351503543555737e-05,
    "dyna_mean": 1.7152900909422897e-05,
    "dyna_std": 1.0176643627346493e-05
}