{
    "timescale": 0.2,
    "testnums": 50,
    "lif_mean": 7.005601946730167e-05,
    "lif_std": 4.830322359339334e-05,
    "dyna_mean": 2.681022488104645e-05,
    "dyna_std": 2.7132829927722923e-05
}