{
    "timescale": 0.6,
    "testnums": 50,
    "lif_mean": 1.6481717466376722e-05,
    "lif_std": 1.9021796106244437e-05,
    "dyna_mean": 1.1714782885974273e-05,
    "dyna_std": 1.4168775123835076e-05
}