{
    "timescale": 0.6,
    "testnums": 50,
    "lif_mean": 4.4071657612221316e-06,
    "lif_std": 9.486842827755027e-06,
    "dyna_mean": 9.092205459637626e-07,
    "dyna_std": 2.223397132183891e-06
}