{
    "mse_lif": 1.7883372493088245e-05,
    "mse_dyna": 7.398309662676184e-07
}