{
    "mse_lif": 0.0001778874866431579,
    "mse_dyna": 4.7362689770125144e-07
}