{
    "timescale": 3.0,
    "testnums": 50,
    "lif_mean": 0.0007933360175229609,
    "lif_std": 0.0014089482137933373,
    "dyna_mean": 6.715424387948588e-05,
    "dyna_std": 7.699656998738647e-05
}