{
    "timescale": 2.0,
    "testnums": 50,
    "lif_mean": 6.314471647783648e-07,
    "lif_std": 2.2174415335030062e-06,
    "dyna_mean": 9.488542929148025e-08,
    "dyna_std": 3.473942911114136e-07
}