{
    "mse_lif": 0.004320635925978422,
    "mse_dyna": 0.00015068678476382047
}