{
    "mean": 0.006909723300486803,
    "std": 0.0002823220950137987,
    "epoch": 50
}