{
    "mean": 0.0058840207755565645,
    "std": 0.00014451003151111594,
    "epoch": 190
}