{
    "mse_lif": 0.06290779262781143,
    "mse_dyna": 0.002050096169114113
}