{
    "mse_lif": 5.7944973377743736e-05,
    "mse_dyna": 2.8582146569533506e-06
}