{
    "mse_lif": 4.4680884457193315e-05,
    "mse_dyna": 3.67606153304223e-05
}