{
    "mean": 0.8784722222222222,
    "std": 0.09930798365329925,
    "epoch": 784
}