{
    "timescale": 0.6,
    "testnums": 50,
    "lif_mean": 2.465083298375248e-06,
    "lif_std": 4.870155407843413e-06,
    "dyna_mean": 6.72482883601333e-07,
    "dyna_std": 2.1074786218377994e-06
}