{
    "timescale": 0.6,
    "testnums": 50,
    "lif_mean": 1.5082811842148658e-05,
    "lif_std": 1.2464002793421969e-05,
    "dyna_mean": 1.0623613889038097e-05,
    "dyna_std": 9.636625691200607e-06
}