{
    "timescale": 0.4,
    "testnums": 50,
    "lif_mean": 0.00535704055801034,
    "lif_std": 0.00725360494107008,
    "dyna_mean": 0.001195593154989183,
    "dyna_std": 0.0011263160267844796
}