{
    "timescale": 0.8,
    "testnums": 50,
    "lif_mean": 0.0023127058520913124,
    "lif_std": 0.006481582298874855,
    "dyna_mean": 0.0017964873695746064,
    "dyna_std": 0.0049550398252904415
}