{
    "mean": 0.70625,
    "std": 0.09852426731521528,
    "epoch": 658
}