{
    "timescale": 0.6,
    "testnums": 50,
    "lif_mean": 8.477052324451506e-05,
    "lif_std": 7.569781882921234e-05,
    "dyna_mean": 6.543673225678504e-05,
    "dyna_std": 5.8350393373984843e-05
}