{
    "mse_lif": 0.012192586436867714,
    "mse_dyna": 0.00045074793160893023
}