{
    "mse_lif": 2.3640210201847367e-05,
    "mse_dyna": 1.2730110938719008e-06
}