{
    "mean": 0.696875,
    "std": 0.12005857945186592,
    "epoch": 57
}