{
    "mean": 0.9270833333333334,
    "std": 0.08715208609729953,
    "epoch": 776
}