{
    "timescale": 0.1,
    "testnums": 50,
    "lif_mean": 0.016103971749544144,
    "lif_std": 0.011387948878109455,
    "dyna_mean": 0.028741275891661644,
    "dyna_std": 0.03238864243030548
}