{
    "timescale": 0.4,
    "testnums": 50,
    "lif_mean": 0.007558882236480713,
    "lif_std": 0.015213560312986374,
    "dyna_mean": 0.0027295013424009085,
    "dyna_std": 0.005306967068463564
}