{
    "timescale": 2.0,
    "testnums": 50,
    "lif_mean": 0.0002828506985679269,
    "lif_std": 0.0004096998309250921,
    "dyna_mean": 1.0305473551852629e-05,
    "dyna_std": 9.380844858242199e-06
}