{
    "timescale": 0.4,
    "testnums": 50,
    "lif_mean": 0.006935691926628351,
    "lif_std": 0.011159834451973438,
    "dyna_mean": 0.001439410145394504,
    "dyna_std": 0.0015813348582014441
}