{
    "timescale": 0.5,
    "testnums": 50,
    "lif_mean": 1.921969305840321e-05,
    "lif_std": 2.078458601317834e-05,
    "dyna_mean": 1.7933440176420845e-05,
    "dyna_std": 2.360056714678649e-05
}