{
    "timescale": 0.5,
    "testnums": 50,
    "lif_mean": 2.4793801003397675e-06,
    "lif_std": 4.24673226007144e-06,
    "dyna_mean": 3.8752477848902345e-07,
    "dyna_std": 1.0319282637283322e-06
}