{
    "mse_lif": 0.0042592487297952175,
    "mse_dyna": 8.911643476494646e-07
}