{
    "mse_lif": 0.013085535727441311,
    "mse_dyna": 0.0027214495930820704
}