{
    "mean": 0.8993055555555556,
    "std": 0.08433998473257721,
    "epoch": 399
}