{
    "mean": 0.6944444444444444,
    "std": 0.05468061023619313,
    "epoch": 47
}