{
    "mean": 0.7048611111111112,
    "std": 0.09672491859155638,
    "epoch": 90
}