{
    "mean": 0.7326388888888888,
    "std": 0.07948279959902498,
    "epoch": 114
}