{
    "mean": 0.7083333333333334,
    "std": 0.0736569563735987,
    "epoch": 95
}