{
    "mean": 0.6701388888888888,
    "std": 0.05726535591135639,
    "epoch": 15
}