{
    "mean": 0.9027777777777778,
    "std": 0.09014413184546646,
    "epoch": 625
}