{
    "mean": 0.7291666666666666,
    "std": 0.08068715304598785,
    "epoch": 106
}