{
    "timescale": 8.0,
    "testnums": 50,
    "lif_mean": 0.0055593466386199,
    "lif_std": 0.0073259444907307625,
    "dyna_mean": 0.0001475694152759388,
    "dyna_std": 7.145745621528476e-05
}