{
    "timescale": 4.0,
    "testnums": 50,
    "lif_mean": 0.015628594905138016,
    "lif_std": 0.014878405258059502,
    "dyna_mean": 0.44449877738952637,
    "dyna_std": 0.545383632183075
}