{
    "mse_lif": 0.011463422328233719,
    "mse_dyna": 0.011463422328233719
}