{
    "model": "dynamic-snn",
    "datatype": "gesture",
    "time-scale": 8,
    "mse_v_mean": 24240.710205078125,
    "mse_v_std": 714.8585328787972,
    "mse_s_mean": 0.10322855692356825,
    "mse_s_std": 0.0006716443564709701
}