{
    "timescale": 0.7,
    "testnums": 50,
    "lif_mean": 0.004836853593587875,
    "lif_std": 0.009542019106447697,
    "dyna_mean": 0.003907083533704281,
    "dyna_std": 0.00770324282348156
}