{
    "timescale": 4.0,
    "testnums": 50,
    "lif_mean": 0.0003836678806692362,
    "lif_std": 0.0005915490910410881,
    "dyna_mean": 1.2492926543927751e-05,
    "dyna_std": 1.5475372492801398e-05
}