{
    "max": {
        "target_x": 0.03513770468447286,
        "target_y": 0.0263802211867548
    },
    "min": {
        "target_x": -0.03513780097605956,
        "target_y": -0.0263804793227276
    }
}