{
    "mse_lif": 1.1376061593182385e-05,
    "mse_dyna": 8.554245596315013e-07
}