{
    "timescale": 0.4,
    "testnums": 50,
    "lif_mean": 0.0006954178679734468,
    "lif_std": 0.0006476552225649357,
    "dyna_mean": 0.000492506253067404,
    "dyna_std": 0.0004987612483091652
}