{
    "mean": 0.8784722222222222,
    "std": 0.06152793453704635
}