{
    "timescale": 0.2,
    "testnums": 50,
    "lif_mean": 5.9421501646284014e-05,
    "lif_std": 6.904601468704641e-05,
    "dyna_mean": 1.7743526768754236e-05,
    "dyna_std": 1.7205562471644953e-05
}