{
    "timescale": 10.0,
    "testnums": 50,
    "lif_mean": 8.065180736593902e-05,
    "lif_std": 0.00017333622963633388,
    "dyna_mean": 4.435733899299521e-06,
    "dyna_std": 5.768262781202793e-06
}