{
    "timescale": 10.0,
    "testnums": 50,
    "lif_mean": 1.1854301646962995e-06,
    "lif_std": 3.020576286871801e-06,
    "dyna_mean": 1.637719861946607e-07,
    "dyna_std": 4.775384923050296e-07
}