{
    "mean": 0.8194444444444444,
    "std": 0.1090299893618582,
    "epoch": 636
}