{
    "timescale": 0.3,
    "testnums": 50,
    "lif_mean": 0.000624470878392458,
    "lif_std": 0.0005667281220667064,
    "dyna_mean": 0.0005557045224122703,
    "dyna_std": 0.000647636828944087
}