{
    "timescale": 4.0,
    "testnums": 50,
    "lif_mean": 0.0011499063111841679,
    "lif_std": 0.002470162697136402,
    "dyna_mean": 0.0001537064090371132,
    "dyna_std": 0.0002530101337470114
}