{
    "timescale": 2.0,
    "testnums": 2,
    "lif_mean": 0.00010074022429762408,
    "lif_std": 0.00010074022429762408,
    "dyna_mean": 1.8121277207683306e-06,
    "dyna_std": 1.8121277207683306e-06
}