{
    "mse_lif": 0.0030393688939511776,
    "mse_dyna": 0.0030393688939511776
}