{
    "timescale": 3.0,
    "testnums": 50,
    "lif_mean": 0.0010368051007390022,
    "lif_std": 0.0018781848484650254,
    "dyna_mean": 0.010349104180932045,
    "dyna_std": 0.023815589025616646
}