{
    "timescale": 9.0,
    "testnums": 50,
    "lif_mean": 4.177026858087629e-05,
    "lif_std": 6.82836544001475e-05,
    "dyna_mean": 2.3844179395382525e-06,
    "dyna_std": 2.9685386380151613e-06
}