{
    "timescale": 5.0,
    "testnums": 50,
    "lif_mean": 5.330941712600179e-05,
    "lif_std": 6.514824781334028e-05,
    "dyna_mean": 4.592407549353084e-06,
    "dyna_std": 6.131709142209729e-06
}