{
    "timescale": 0.5,
    "testnums": 50,
    "lif_mean": 0.006742075551301241,
    "lif_std": 0.004265085328370333,
    "dyna_mean": 0.00910402461886406,
    "dyna_std": 0.007253554649651051
}