{
    "max": {
        "joint0": -1.212748871981096,
        "joint1": -0.9554714109555812,
        "joint2": 2.3126321340143425,
        "joint3": -1.5912373727310951,
        "joint4": -1.570796326794181,
        "joint5": 0.3580474548137228
    },
    "min": {
        "joint0": -2.5830323734949605,
        "joint1": -1.8647003766968704,
        "joint2": 1.2400336357562287,
        "joint3": -2.070975157921997,
        "joint4": -1.5826134684260582,
        "joint5": -1.0122360467001223
    }
}