{
    "mse_lif": 0.00010173236660193652,
    "mse_dyna": 4.1746934584807605e-05
}