{
    "timescale": 0.8,
    "testnums": 50,
    "lif_mean": 1.7059972378774546e-05,
    "lif_std": 2.125553146470338e-05,
    "dyna_mean": 1.1801782420661766e-05,
    "dyna_std": 1.4098356587055605e-05
}