{
    "timescale": 0.8,
    "testnums": 50,
    "lif_mean": 4.289169737603515e-06,
    "lif_std": 9.146800039161462e-06,
    "dyna_mean": 2.7016690182790626e-06,
    "dyna_std": 5.938694812357426e-06
}