{
    "timescale": 7.0,
    "testnums": 50,
    "lif_mean": 0.0006054182886146009,
    "lif_std": 0.0015487840864807367,
    "dyna_mean": 1.4292071682575624e-05,
    "dyna_std": 1.3360617231228389e-05
}