{
    "timescale": 7.0,
    "testnums": 50,
    "lif_mean": 8.316880121128634e-05,
    "lif_std": 0.00028391650994308293,
    "dyna_mean": 3.5029202081204858e-06,
    "dyna_std": 4.407244887261186e-06
}