{
    "timescale": 2.0,
    "testnums": 2,
    "lif_mean": 4.269831697456539e-05,
    "lif_std": 2.241852052975446e-05,
    "dyna_mean": 6.802631105529144e-06,
    "dyna_std": 5.363554009818472e-06
}