{
    "timescale": 5.0,
    "testnums": 50,
    "lif_mean": 1.0017639397119638e-05,
    "lif_std": 1.9862007320625708e-05,
    "dyna_mean": 2.940793706329714e-07,
    "dyna_std": 9.132555192081782e-07
}