{
    "timescale": 10.0,
    "testnums": 50,
    "lif_mean": 4.2924770241370425e-05,
    "lif_std": 0.00010097087942995131,
    "dyna_mean": 3.079534280914231e-06,
    "dyna_std": 4.897852704743855e-06
}