{
    "mean": 0.8680555555555556,
    "std": 0.10288564159742397
}