{
    "timescale": 0.4,
    "testnums": 50,
    "lif_mean": 0.00011450375313870609,
    "lif_std": 0.00010946734983008355,
    "dyna_mean": 0.0002169373765354976,
    "dyna_std": 0.0003220968064852059
}