{
    "mse_lif": 5.280192635837011e-05,
    "mse_dyna": 5.7567576732253656e-05
}