{
    "mean": 0.8784722222222222,
    "std": 0.09483680752602544,
    "epoch": 338
}