{
    "mse_lif": 4.717404590337537e-05,
    "mse_dyna": 3.8287291204142093e-07
}