{
    "timescale": 0.4,
    "testnums": 50,
    "lif_mean": 5.713653990824241e-06,
    "lif_std": 8.569138117309194e-06,
    "dyna_mean": 4.996787765776389e-07,
    "dyna_std": 1.2659527328651166e-06
}