{
    "timescale": 0.1,
    "testnums": 50,
    "lif_mean": 0.0159200020134449,
    "lif_std": 0.01248182263225317,
    "dyna_mean": 0.026689914986491203,
    "dyna_std": 0.025853492319583893
}