{
    "timescale": 0.8,
    "testnums": 50,
    "lif_mean": 0.00014867102436255664,
    "lif_std": 0.00017621743609197438,
    "dyna_mean": 6.874752580188215e-05,
    "dyna_std": 5.25331670360174e-05
}