{
    "timescale": 2.0,
    "testnums": 50,
    "lif_mean": 4.318065839470364e-05,
    "lif_std": 5.8662066294346005e-05,
    "dyna_mean": 3.1338779535872163e-06,
    "dyna_std": 4.256904048816068e-06
}