{
    "mse_lif": 0.010908801108598709,
    "mse_dyna": 0.0003529049572534859
}