{
    "timescale": 0.1,
    "testnums": 50,
    "lif_mean": 0.025506235659122467,
    "lif_std": 0.06496703624725342,
    "dyna_mean": 0.004091588780283928,
    "dyna_std": 0.00526710320264101
}