{
    "mse_lif": 0.0006645303801633418,
    "mse_dyna": 0.0006645303801633418
}