{
    "mean": 0.005457334686070681,
    "std": 3.169653178661298e-05,
    "epoch": 155
}