{
    "timescale": 0.8,
    "testnums": 50,
    "lif_mean": 6.345211295410991e-05,
    "lif_std": 7.013852155068889e-05,
    "dyna_mean": 4.649550101021305e-05,
    "dyna_std": 4.2038293031509966e-05
}