{
    "timescale": 0.8,
    "testnums": 50,
    "lif_mean": 0.008492940105497837,
    "lif_std": 0.004853658843785524,
    "dyna_mean": 0.0078659662976861,
    "dyna_std": 0.004620600026100874
}