{
    "timescale": 4.0,
    "testnums": 50,
    "lif_mean": 0.0017268483061343431,
    "lif_std": 0.002668733475729823,
    "dyna_mean": 7.852435373933986e-05,
    "dyna_std": 4.594463825924322e-05
}