{
    "mse_lif": 0.002507488476112485,
    "mse_dyna": 0.0026092848274856806
}