{
    "timescale": 9.0,
    "testnums": 50,
    "lif_mean": 0.0018510419176891446,
    "lif_std": 0.002160946372896433,
    "dyna_mean": 9.030177170643583e-05,
    "dyna_std": 4.7994020860642195e-05
}