{
    "mean": 0.09375,
    "std": 0.01473139127471974,
    "epoch": 0
}