{
    "mean": 0.8333333333333334,
    "std": 0.08838834764831845,
    "epoch": 521
}