{
    "timescale": 0.2,
    "testnums": 50,
    "lif_mean": 0.006165787111967802,
    "lif_std": 0.008580421097576618,
    "dyna_mean": 0.0009389424812979996,
    "dyna_std": 0.0010950869182124734
}