{
    "timescale": 0.5,
    "testnums": 50,
    "lif_mean": 0.007299551274627447,
    "lif_std": 0.006335139740258455,
    "dyna_mean": 0.017852118238806725,
    "dyna_std": 0.010259074158966541
}