{
    "mse_lif": 3.591220956877805e-05,
    "mse_dyna": 1.1812961020041257e-05
}