{
    "timescale": 0.9,
    "testnums": 50,
    "lif_mean": 0.002774718450382352,
    "lif_std": 0.006534216459840536,
    "dyna_mean": 0.0024748367723077536,
    "dyna_std": 0.005833625793457031
}