{
    "timescale": 0.8,
    "testnums": 50,
    "lif_mean": 0.002302217297255993,
    "lif_std": 0.003016178496181965,
    "dyna_mean": 0.001507998094893992,
    "dyna_std": 0.001645849086344242
}