{
    "mean": 0.8506944444444444,
    "std": 0.09173503342793685,
    "epoch": 377
}