{
    "timescale": 9.0,
    "testnums": 50,
    "lif_mean": 0.001709998701699078,
    "lif_std": 0.003470475785434246,
    "dyna_mean": 0.00017039621889125556,
    "dyna_std": 0.00027831937768496573
}