{
    "timescale": 5.0,
    "testnums": 50,
    "lif_mean": 0.0023091710172593594,
    "lif_std": 0.00572354719042778,
    "dyna_mean": 0.00039123129681684077,
    "dyna_std": 0.0008846083073876798
}