{
    "model": "model_final.pth",
    "mean": 0.8611111111111112,
    "std": 0.08347788389007851
}