{
    "model": "dynamic-snn",
    "datatype": "gesture",
    "time-scale": 2,
    "mse_v_mean": 18.20252799987793,
    "mse_v_std": 0.0,
    "mse_s_mean": 0.08965379744768143,
    "mse_s_std": 0.0
}