{
    "mse_lif": 0.06271336227655411,
    "mse_dyna": 0.002023054054006934
}