{
    "mean": 0.8923611111111112,
    "std": 0.07382045703287951,
    "epoch": 354
}