{
    "mean": 0.00615596551109444,
    "std": 0.0003655767856075527,
    "epoch": 82
}