{
    "mean": 0.005656120706010948,
    "std": 0.00028068477103659477,
    "epoch": 187
}