{
    "mse_lif": 0.0010747738415375352,
    "mse_dyna": 4.4128830722911516e-07
}