{
    "timescale": 8.0,
    "testnums": 50,
    "lif_mean": 0.0028890776447951794,
    "lif_std": 0.004565499257296324,
    "dyna_mean": 9.634095476940274e-05,
    "dyna_std": 4.876581078860909e-05
}