{
    "timescale": 3.0,
    "testnums": 50,
    "lif_mean": 0.0006619367632083595,
    "lif_std": 0.0013753201346844435,
    "dyna_mean": 1.3330098227015696e-05,
    "dyna_std": 1.1792336408689152e-05
}