{
    "timescale": 2.0,
    "testnums": 50,
    "lif_mean": 0.0004281761939637363,
    "lif_std": 0.0007663681171834469,
    "dyna_mean": 5.197527934797108e-05,
    "dyna_std": 5.853346738149412e-05
}