{
    "max": {
        "target_x": 0.700000779203122,
        "target_y": 0.2999999999979761
    },
    "min": {
        "target_x": 0.2999992207968781,
        "target_y": -0.2999999999979761
    }
}