{
    "timescale": 2.0,
    "testnums": 50,
    "lif_mean": 0.006928177550435066,
    "lif_std": 0.006480105686932802,
    "dyna_mean": 0.001986935967579484,
    "dyna_std": 0.0015503715258091688
}