{
    "timescale": 9.0,
    "testnums": 50,
    "lif_mean": 8.049327675507811e-07,
    "lif_std": 2.103899305438972e-06,
    "dyna_mean": 8.279695151713895e-08,
    "dyna_std": 2.2229448859434342e-07
}