{
    "timescale": 9.0,
    "testnums": 50,
    "lif_mean": 6.397828838089481e-05,
    "lif_std": 9.712525934446603e-05,
    "dyna_mean": 3.6332507988845464e-06,
    "dyna_std": 3.1660490549256792e-06
}