{
    "timescale": 9.0,
    "testnums": 50,
    "lif_mean": 0.0006723678670823574,
    "lif_std": 0.0015506373019888997,
    "dyna_mean": 1.2692231393884867e-05,
    "dyna_std": 1.2512579814938363e-05
}