{
    "mse_lif": 6.751246110070497e-05,
    "mse_dyna": 4.6190862690309586e-07
}