{
    "timescale": 8.0,
    "testnums": 50,
    "lif_mean": 7.315081347769592e-06,
    "lif_std": 1.0304346687917132e-05,
    "dyna_mean": 1.279630907902174e-07,
    "dyna_std": 5.010268750993419e-07
}