{
    "timescale": 3.0,
    "testnums": 50,
    "lif_mean": 0.0011794843012467027,
    "lif_std": 0.0011856970377266407,
    "dyna_mean": 0.011599922552704811,
    "dyna_std": 0.014464243315160275
}