{
    "max": {
        "joint0": -1.2495286964037535,
        "joint1": -1.035633624196717,
        "joint2": 2.4182144531225496,
        "joint3": -1.591434063937835,
        "joint4": -1.5557938911223044,
        "joint5": 0.3212699336710899
    },
    "min": {
        "joint0": -2.4369942750932863,
        "joint1": -2.05574515946223,
        "joint2": 1.369827147225204,
        "joint3": -2.070983580557888,
        "joint4": -1.5710291181684006,
        "joint5": -0.8661979482984195
    }
}