{
    "max": {
        "target_x": 0.0025132080636597887,
        "target_y": 0.003769812022984525
    },
    "min": {
        "target_x": -0.0025132080636597887,
        "target_y": -0.0037698120229843844
    }
}