{
    "timescale": 9.0,
    "testnums": 50,
    "lif_mean": 0.0009333964553661644,
    "lif_std": 0.0015543809859082103,
    "dyna_mean": 2.0306277292547747e-05,
    "dyna_std": 1.9237932065152563e-05
}