{
    "timescale": 9.0,
    "testnums": 50,
    "lif_mean": 7.147442374844104e-05,
    "lif_std": 0.00013437999587040395,
    "dyna_mean": 4.680427537095966e-06,
    "dyna_std": 4.533092123892857e-06
}