{
    "timescale": 7.0,
    "testnums": 50,
    "lif_mean": 0.016007879748940468,
    "lif_std": 0.009855169802904129,
    "dyna_mean": 1.4823455810546875,
    "dyna_std": 1.8202861547470093
}