{
    "mean": 0.721875,
    "std": 0.03479852726768764,
    "epoch": 343
}