{
    "timescale": 6.0,
    "testnums": 50,
    "lif_mean": 0.003327712183818221,
    "lif_std": 0.00871270801872015,
    "dyna_mean": 0.0005791846779175103,
    "dyna_std": 0.001479310798458755
}