{
    "timescale": 0.4,
    "testnums": 50,
    "lif_mean": 1.5395353329950012e-05,
    "lif_std": 1.3598921213997528e-05,
    "dyna_mean": 1.4938636013539508e-05,
    "dyna_std": 1.7509981262264773e-05
}