{
    "timescale": 0.4,
    "testnums": 50,
    "lif_mean": 6.511955689347815e-06,
    "lif_std": 2.1077432393212803e-05,
    "dyna_mean": 7.24139852081862e-07,
    "dyna_std": 3.1076149298314704e-06
}