{
    "timescale": 8.0,
    "testnums": 50,
    "lif_mean": 1.9424560093739274e-07,
    "lif_std": 6.333473265840439e-07,
    "dyna_mean": 2.303024970728984e-08,
    "dyna_std": 6.063465463057582e-08
}