{
    "mean": 0.007974337972700595,
    "std": 0.00032538009429746383,
    "epoch": 40
}