{
    "mean": 0.006076276954263449,
    "std": 0.00030174073123384983,
    "epoch": 197
}