{
    "timescale": 6.0,
    "testnums": 50,
    "lif_mean": 0.0024088688660413027,
    "lif_std": 0.0025510701816529036,
    "dyna_mean": 0.11842916160821915,
    "dyna_std": 0.14630989730358124
}