{
    "mean": 0.8715277777777778,
    "std": 0.10462860537027335,
    "epoch": 247
}