{
    "timescale": 5.0,
    "testnums": 50,
    "lif_mean": 4.41284391854424e-05,
    "lif_std": 0.00011017599899787456,
    "dyna_mean": 2.537337422836572e-06,
    "dyna_std": 3.6825949791818857e-06
}