{
    "timescale": 5.0,
    "testnums": 50,
    "lif_mean": 8.817932553029095e-07,
    "lif_std": 2.6463708309165668e-06,
    "dyna_mean": 8.942008378198807e-08,
    "dyna_std": 2.340030391678738e-07
}