{
    "timescale": 0.7,
    "testnums": 50,
    "lif_mean": 3.2770094549050555e-06,
    "lif_std": 5.607447292277357e-06,
    "dyna_mean": 1.5630066627636552e-06,
    "dyna_std": 3.216634922864614e-06
}