{
    "timescale": 0.7,
    "testnums": 50,
    "lif_mean": 1.537210300739389e-05,
    "lif_std": 1.741920641507022e-05,
    "dyna_mean": 1.074656393029727e-05,
    "dyna_std": 1.3401009709923528e-05
}