{
    "mse_lif": 0.05252043530344963,
    "mse_dyna": 0.001783267012797296
}