{
    "timescale": 8.0,
    "testnums": 50,
    "lif_mean": 4.1163491459883517e-07,
    "lif_std": 1.413822928952868e-06,
    "dyna_mean": 7.738199059303952e-08,
    "dyna_std": 3.4610533816703537e-07
}