{
    "mse_lif": 0.002444847719743848,
    "mse_dyna": 2.1225739601504756e-06
}