{
    "mse_lif": 8.864689152687788e-05,
    "mse_dyna": 7.420926522172522e-07
}