{
    "mse_lif": 3.5454013413982466e-05,
    "mse_dyna": 1.6197766683490045e-07
}