{
    "mean": 0.6388888888888888,
    "std": 0.1573648499114536
}