{
    "model": "model_epoch_80.pth",
    "mean": 0.7256944444444444,
    "std": 0.08433998473257721
}