{
    "mean": 0.9236111111111112,
    "std": 0.07810570749445829,
    "epoch": 713
}