{
    "mse_lif": 8.599122520536184e-05,
    "mse_dyna": 1.1812267075583804e-05
}