{
    "timescale": 0.1,
    "testnums": 50,
    "lif_mean": 0.00962057989090681,
    "lif_std": 0.010469880886375904,
    "dyna_mean": 0.0015872024232521653,
    "dyna_std": 0.0018325900891795754
}