{
    "mean": 0.7395833333333334,
    "std": 0.08715208609729953,
    "epoch": 187
}