{
    "mean": 0.7881944444444444,
    "std": 0.08433998473257721,
    "epoch": 323
}