{
    "mean": 0.5486111111111112,
    "std": 0.08852464433320807,
    "epoch": 6
}