{
    "mean": 0.8506944444444444,
    "std": 0.132400527534289,
    "epoch": 630
}