{
    "mean": 0.6701388888888888,
    "std": 0.08216777476527244,
    "epoch": 56
}