{
    "mean": 0.7673611111111112,
    "std": 0.06927061577520834,
    "epoch": 290
}