{
    "mean": 0.7361111111111112,
    "std": 0.07081971546656646,
    "epoch": 170
}