{
    "mean": 0.7430555555555556,
    "std": 0.09054447785003679,
    "epoch": 219
}