{
    "mean": 0.7465277777777778,
    "std": 0.09368567752244472,
    "epoch": 231
}