{
    "mean": 0.53125,
    "std": 0.08462540004829125,
    "epoch": 3
}