{
    "timescale": 0.7,
    "testnums": 50,
    "lif_mean": 4.9258105718763545e-06,
    "lif_std": 1.113767757487949e-05,
    "dyna_mean": 1.8874419538406073e-06,
    "dyna_std": 4.693591563409427e-06
}