{
    "timescale": 0.8,
    "testnums": 50,
    "lif_mean": 0.0041512781754136086,
    "lif_std": 0.00441645598039031,
    "dyna_mean": 0.002455787966027856,
    "dyna_std": 0.0023436485789716244
}