{
    "timescale": 0.1,
    "testnums": 50,
    "lif_mean": 5.167012204765342e-06,
    "lif_std": 1.0521693184273317e-05,
    "dyna_mean": 4.913703719466866e-07,
    "dyna_std": 1.8736617448666948e-06
}