{
    "mse_lif": 3.801238926826045e-05,
    "mse_dyna": 8.055431862885598e-06
}