{
    "mean": 0.00534683270379901,
    "std": 1.5960292177912994e-05,
    "epoch": 193
}