{
    "model": "snn",
    "datatype": "gesture",
    "time-scale": 10,
    "mse_v_mean": 3.8771047592163086,
    "mse_v_std": 0.0,
    "mse_s_mean": 0.10600610077381134,
    "mse_s_std": 0.0
}