{
    "timescale": 0.6,
    "testnums": 50,
    "lif_mean": 0.004060445819050074,
    "lif_std": 0.004818812478333712,
    "dyna_mean": 0.0015217408072203398,
    "dyna_std": 0.001500375452451408
}