{
    "timescale": 0.8,
    "testnums": 50,
    "lif_mean": 3.9286946957872715e-06,
    "lif_std": 7.273177743627457e-06,
    "dyna_mean": 2.3246557248057798e-06,
    "dyna_std": 4.394226380100008e-06
}