{
    "mean": 0.734375,
    "std": 0.07328774624724109,
    "epoch": 464
}