{
    "timescale": 7.0,
    "testnums": 50,
    "lif_mean": 0.0013700436102226377,
    "lif_std": 0.0029233433306217194,
    "dyna_mean": 8.159907883964479e-05,
    "dyna_std": 9.081434109248221e-05
}