{
    "mean": 0.9131944444444444,
    "std": 0.07623089722256995,
    "epoch": 343
}