{
    "timescale": 0.8,
    "testnums": 50,
    "lif_mean": 0.027830157428979874,
    "lif_std": 0.02919151820242405,
    "dyna_mean": 0.025152921676635742,
    "dyna_std": 0.025302480906248093
}