{
    "timescale": 10.0,
    "testnums": 50,
    "lif_mean": 0.002717941300943494,
    "lif_std": 0.0039947759360075,
    "dyna_mean": 0.32623055577278137,
    "dyna_std": 0.47227755188941956
}