{
    "timescale": 9.0,
    "testnums": 50,
    "lif_mean": 0.001948940334841609,
    "lif_std": 0.004311722703278065,
    "dyna_mean": 0.00019062840146943927,
    "dyna_std": 0.00034759295522235334
}