{
    "mse_lif": 4.8409481678390875e-05,
    "mse_dyna": 4.5075579691911116e-05
}