{
    "timescale": 0.9,
    "testnums": 50,
    "lif_mean": 0.0004883951623924077,
    "lif_std": 0.0004041338979732245,
    "dyna_mean": 0.000448550475994125,
    "dyna_std": 0.0003818793629761785
}