{
    "mse_lif": 0.009762812405824661,
    "mse_dyna": 0.009762812405824661
}