{
    "timescale": 7.0,
    "testnums": 1,
    "lif_mean": 6.185202039432625e-08,
    "lif_std": 0.0,
    "dyna_mean": 6.328476409578343e-09,
    "dyna_std": 0.0
}