{
    "timescale": 3.0,
    "testnums": 1,
    "lif_mean": 9.174033039016649e-05,
    "lif_std": 0.0,
    "dyna_mean": 2.928646836153348e-07,
    "dyna_std": 0.0
}