{
    "timescale": 0.1,
    "testnums": 50,
    "lif_mean": 0.00026652097585611045,
    "lif_std": 0.0005355831235647202,
    "dyna_mean": 6.246062548598275e-05,
    "dyna_std": 7.35908470232971e-05
}