{
    "timescale": 0.8,
    "testnums": 1,
    "lif_mean": 6.395077070919797e-05,
    "lif_std": 0.0,
    "dyna_mean": 6.571124686161056e-05,
    "dyna_std": 0.0
}