{
    "timescale": 8.0,
    "testnums": 1,
    "lif_mean": 4.3777990867965855e-06,
    "lif_std": 0.0,
    "dyna_mean": 5.0638941928582426e-08,
    "dyna_std": 0.0
}