{
    "timescale": 9.0,
    "testnums": 1,
    "lif_mean": 9.177935135085136e-05,
    "lif_std": 0.0,
    "dyna_mean": 3.635882137587032e-07,
    "dyna_std": 0.0
}