{
    "timescale": 10.0,
    "testnums": 1,
    "lif_mean": 7.648658538528252e-06,
    "lif_std": 0.0,
    "dyna_mean": 3.3187706094395253e-07,
    "dyna_std": 0.0
}