{
    "timescale": 4.0,
    "testnums": 1,
    "lif_mean": 1.8433442164678127e-05,
    "lif_std": 0.0,
    "dyna_mean": 4.6289919737319e-06,
    "dyna_std": 0.0
}