{
    "timescale": 2.0,
    "testnums": 1,
    "lif_mean": 5.091394086775836e-06,
    "lif_std": 0.0,
    "dyna_mean": 6.3855537746349e-08,
    "dyna_std": 0.0
}