{
    "timescale": 0.9,
    "testnums": 1,
    "lif_mean": 9.071026397577953e-06,
    "lif_std": 0.0,
    "dyna_mean": 7.333626854233444e-06,
    "dyna_std": 0.0
}