{
    "mean": 0.00557986218482256,
    "std": 0.0005778676756636984,
    "epoch": 134
}