{
    "timescale": 3.0,
    "testnums": 50,
    "lif_mean": 0.0011470237514004111,
    "lif_std": 0.0015700373332947493,
    "dyna_mean": 6.65954066789709e-05,
    "dyna_std": 4.036054451717064e-05
}