{
    "timescale": 0.6,
    "testnums": 50,
    "lif_mean": 3.4274100471520796e-05,
    "lif_std": 4.346585410530679e-05,
    "dyna_mean": 1.5264977264450863e-05,
    "dyna_std": 1.538381548016332e-05
}