{
    "timescale": 0.5,
    "testnums": 50,
    "lif_mean": 0.0022344307508319616,
    "lif_std": 0.0025700016412883997,
    "dyna_mean": 0.00043948990060016513,
    "dyna_std": 0.0004226446326356381
}