{
    "mean": 0.8715277777777778,
    "std": 0.06979080292445063
}