{
    "timescale": 7.0,
    "testnums": 50,
    "lif_mean": 6.111876427894458e-05,
    "lif_std": 0.00012271778541617095,
    "dyna_mean": 2.962159442176926e-06,
    "dyna_std": 3.982541784353089e-06
}