{
    "mse_lif": 0.0002261795598315075,
    "mse_dyna": 5.123305300003267e-07
}