{
    "mse_lif": 0.012190727517008781,
    "mse_dyna": 2.236483169326675e-06
}