{
    "timescale": 8.0,
    "testnums": 50,
    "lif_mean": 4.173031993559562e-05,
    "lif_std": 8.873614569893107e-05,
    "dyna_mean": 2.682158083189279e-06,
    "dyna_std": 3.0575235996366246e-06
}