{
    "timescale": 8.0,
    "testnums": 50,
    "lif_mean": 0.0005912295891903341,
    "lif_std": 0.0009406229364685714,
    "dyna_mean": 1.4101675333222374e-05,
    "dyna_std": 1.3188784578233026e-05
}