{
    "mean": 0.9305555555555556,
    "std": 0.06211299937499416,
    "epoch": 275
}