{
    "timescale": 5.0,
    "testnums": 50,
    "lif_mean": 0.016037683933973312,
    "lif_std": 0.013627716340124607,
    "dyna_mean": 0.7431169748306274,
    "dyna_std": 0.9488221406936646
}