{
    "mean": 0.8298611111111112,
    "std": 0.09559652706900142,
    "epoch": 107
}