{
    "timescale": 8.0,
    "testnums": 50,
    "lif_mean": 9.344495629193261e-05,
    "lif_std": 0.00015454199456144124,
    "dyna_mean": 4.7853200157987885e-06,
    "dyna_std": 6.385442702594446e-06
}