{
    "mse_lif": 0.00623437762260437,
    "mse_dyna": 2.026463334914297e-06
}