{
    "timescale": 0.7,
    "testnums": 50,
    "lif_mean": 0.005430273246020079,
    "lif_std": 0.00965209025889635,
    "dyna_mean": 0.004437280353158712,
    "dyna_std": 0.007844381965696812
}