{
    "mse_lif": 0.0002601739834062755,
    "mse_dyna": 0.0002601739834062755
}