{
    "timescale": 10.0,
    "testnums": 50,
    "lif_mean": 0.0021045533940196037,
    "lif_std": 0.0021907533518970013,
    "dyna_mean": 8.565239841118455e-05,
    "dyna_std": 5.0019029004033655e-05
}