{
    "timescale": 4.0,
    "testnums": 50,
    "lif_mean": 8.354587066605745e-07,
    "lif_std": 4.4511084524856415e-06,
    "dyna_mean": 6.517266371020014e-08,
    "dyna_std": 3.1733529226585233e-07
}