{
    "timescale": 0.6,
    "testnums": 50,
    "lif_mean": 0.0004673473595175892,
    "lif_std": 0.0005147929186932743,
    "dyna_mean": 0.0003553986898623407,
    "dyna_std": 0.00030741916270926595
}