{
    "mse_lif": 0.009461980313062668,
    "mse_dyna": 0.009461980313062668
}