{
    "model": "model_epoch_260.pth",
    "mean": 0.9201388888888888,
    "std": 0.0860382756483602
}