{
    "timescale": 0.4,
    "testnums": 50,
    "lif_mean": 2.2185175112099387e-05,
    "lif_std": 2.8631560780922882e-05,
    "dyna_mean": 2.2088492187322117e-05,
    "dyna_std": 3.184777597198263e-05
}