{
    "timescale": 0.5,
    "testnums": 50,
    "lif_mean": 0.0026586323510855436,
    "lif_std": 0.0051797255873680115,
    "dyna_mean": 0.0015340608078986406,
    "dyna_std": 0.0029875326436012983
}