{
    "timescale": 0.9,
    "testnums": 50,
    "lif_mean": 4.006584276794456e-05,
    "lif_std": 4.42211858171504e-05,
    "dyna_mean": 3.357857349328697e-05,
    "dyna_std": 3.5753528209170327e-05
}