{
    "timescale": 0.7,
    "testnums": 50,
    "lif_mean": 2.954714545921888e-06,
    "lif_std": 4.963339506502962e-06,
    "dyna_mean": 1.3856829355063383e-06,
    "dyna_std": 3.2645921237417497e-06
}