{
    "timescale": 0.7,
    "testnums": 50,
    "lif_mean": 1.858155883383006e-05,
    "lif_std": 2.326080903003458e-05,
    "dyna_mean": 9.56631174631184e-06,
    "dyna_std": 1.3438478163152467e-05
}