{
    "mean": 0.005473469477146864,
    "std": 0.00018430989569507067,
    "epoch": 197
}