{
    "mse_lif": 5.251874608802609e-05,
    "mse_dyna": 3.2092916626424994e-06
}