{
    "mean": 0.7743055555555556,
    "std": 0.056630230660764204
}