{
    "model": "model_epoch_180.pth",
    "mean": 0.8055555555555556,
    "std": 0.06211299937499416
}