{
    "timescale": 6.0,
    "testnums": 50,
    "lif_mean": 0.0001299789728363976,
    "lif_std": 0.00020827485423069447,
    "dyna_mean": 5.787239842902636e-06,
    "dyna_std": 9.412117833562661e-06
}