{
    "timescale": 0.9,
    "testnums": 50,
    "lif_mean": 0.0024774896446615458,
    "lif_std": 0.0029286977369338274,
    "dyna_mean": 0.001953336875885725,
    "dyna_std": 0.002127520740032196
}