{
    "mse_lif": 0.0008838115027174354,
    "mse_dyna": 0.0008435726049356163
}