{
    "timescale": 4.0,
    "testnums": 50,
    "lif_mean": 0.0036547952331602573,
    "lif_std": 0.006267945747822523,
    "dyna_mean": 0.0006222813972271979,
    "dyna_std": 0.0010129382135346532
}