{
    "mse_lif": 0.00020004608086310327,
    "mse_dyna": 1.0647886483639013e-06
}