{
    "mse_lif": 0.00034251398756168783,
    "mse_dyna": 3.632126208685804e-07
}