{
    "timescale": 0.3,
    "testnums": 50,
    "lif_mean": 0.012776872143149376,
    "lif_std": 0.008533480577170849,
    "dyna_mean": 0.021618394181132317,
    "dyna_std": 0.018173906952142715
}