{
    "mse_lif": 0.0001729547802824527,
    "mse_dyna": 7.27648830434191e-06
}