{
    "timescale": 5.0,
    "testnums": 50,
    "lif_mean": 4.290876313461922e-05,
    "lif_std": 9.089946252061054e-05,
    "dyna_mean": 3.293876943644136e-06,
    "dyna_std": 3.6950589219486574e-06
}