{
    "timescale": 0.9,
    "testnums": 50,
    "lif_mean": 7.03711157257203e-06,
    "lif_std": 7.500992069253698e-06,
    "dyna_mean": 6.322599347186042e-06,
    "dyna_std": 6.992812359385425e-06
}