{
    "timescale": 0.6,
    "testnums": 50,
    "lif_mean": 3.1555468012811616e-05,
    "lif_std": 3.6616776924347505e-05,
    "dyna_mean": 1.4766224012419116e-05,
    "dyna_std": 1.7456606656196527e-05
}