{
    "timescale": 5.0,
    "testnums": 50,
    "lif_mean": 3.39248581440188e-05,
    "lif_std": 5.9491576394066215e-05,
    "dyna_mean": 3.3632893519097706e-06,
    "dyna_std": 5.694520950783044e-06
}