{
    "timescale": 5.0,
    "testnums": 50,
    "lif_mean": 1.8209260588264442e-07,
    "lif_std": 7.650785391888348e-07,
    "dyna_mean": 1.3380586416644746e-08,
    "dyna_std": 3.3666971432921855e-08
}