{
    "mean": 0.5042985491454601,
    "std": 0.009044977798476682,
    "epoch": 1
}