{
    "mean": 0.022926832549273968,
    "std": 0.0014336074094621596,
    "epoch": 26
}