{
    "mean": 0.012411934090778232,
    "std": 0.001726497442615232,
    "epoch": 188
}