{
    "mean": 0.00630831653252244,
    "std": 0.00036177338358152106,
    "epoch": 52
}