{
    "mean": 0.005585678294301033,
    "std": 0.0003912044200898674,
    "epoch": 169
}