{
    "mse_lif": 0.015648523345589638,
    "mse_dyna": 0.0005266019725240767
}