{
    "mean": 0.9201388888888888,
    "std": 0.08476774733148405,
    "epoch": 727
}