{
    "timescale": 0.4,
    "testnums": 10,
    "lif_mean": 0.00012189712288090959,
    "lif_std": 0.00018362331320531666,
    "dyna_mean": 3.749416282516904e-05,
    "dyna_std": 3.779932376346551e-05
}