{
    "timescale": 0.9,
    "testnums": 10,
    "lif_mean": 7.381911564152688e-05,
    "lif_std": 0.00011084684956585988,
    "dyna_mean": 6.502620090031996e-05,
    "dyna_std": 8.839606744004413e-05
}