{
    "timescale": 5.0,
    "testnums": 10,
    "lif_mean": 0.00012402173888403922,
    "lif_std": 0.000222153976210393,
    "dyna_mean": 3.536162012096611e-06,
    "dyna_std": 4.086793069291161e-06
}