{
    "timescale": 0.5,
    "testnums": 10,
    "lif_mean": 9.604696242604405e-05,
    "lif_std": 0.00013719637354370207,
    "dyna_mean": 1.698627238511108e-05,
    "dyna_std": 1.199395046569407e-05
}