{
    "timescale": 0.6,
    "testnums": 10,
    "lif_mean": 4.665470260079019e-05,
    "lif_std": 4.207868914818391e-05,
    "dyna_mean": 3.9690079574938864e-05,
    "dyna_std": 4.4378866732586175e-05
}