{
    "timescale": 0.7,
    "testnums": 10,
    "lif_mean": 0.00010196203220402822,
    "lif_std": 0.00015551871911156923,
    "dyna_mean": 4.8350939323427156e-05,
    "dyna_std": 6.256452616071329e-05
}