{
    "timescale": 0.2,
    "testnums": 10,
    "lif_mean": 7.545000698883086e-05,
    "lif_std": 5.9610374592011794e-05,
    "dyna_mean": 1.522782531537814e-05,
    "dyna_std": 1.6886935554794036e-05
}