{
    "timescale": 9.0,
    "testnums": 10,
    "lif_mean": 4.178317612968385e-05,
    "lif_std": 2.79742234852165e-05,
    "dyna_mean": 8.033567610254977e-06,
    "dyna_std": 9.000555110105779e-06
}