{
    "timescale": 0.3,
    "testnums": 10,
    "lif_mean": 0.0004719328135251999,
    "lif_std": 0.0008221982279792428,
    "dyna_mean": 5.752845390816219e-05,
    "dyna_std": 5.884382699150592e-05
}