{
    "timescale": 4.0,
    "testnums": 10,
    "lif_mean": 2.362962368351873e-05,
    "lif_std": 3.805479718721472e-05,
    "dyna_mean": 4.2780025069077965e-06,
    "dyna_std": 5.957039320492186e-06
}