{
    "timescale": 0.2,
    "testnums": 50,
    "lif_mean": 0.007359966170042753,
    "lif_std": 0.010158256627619267,
    "dyna_mean": 0.0009479327709414065,
    "dyna_std": 0.0009098882437683642
}