{
    "mse_lif": 0.012973169796168804,
    "mse_dyna": 0.0004857582680415362
}