{
    "timescale": 0.9,
    "testnums": 50,
    "lif_mean": 0.002255102386698127,
    "lif_std": 0.0026769544929265976,
    "dyna_mean": 0.001809270353987813,
    "dyna_std": 0.0020055167842656374
}