{
    "mean": 0.8298611111111112,
    "std": 0.10531771450071598,
    "epoch": 592
}