{
    "timescale": 10.0,
    "testnums": 50,
    "lif_mean": 0.0035224538296461105,
    "lif_std": 0.006685833912342787,
    "dyna_mean": 0.0003129693795926869,
    "dyna_std": 0.0005276353331282735
}