{
    "timescale": 0.1,
    "testnums": 50,
    "lif_mean": 3.210593422409147e-05,
    "lif_std": 7.388034282485023e-05,
    "dyna_mean": 6.510955427074805e-05,
    "dyna_std": 0.00021376235235948116
}