{
    "timescale": 0.1,
    "testnums": 50,
    "lif_mean": 6.591540113731753e-06,
    "lif_std": 8.246535799116828e-06,
    "dyna_mean": 4.748458479753026e-07,
    "dyna_std": 1.368088760500541e-06
}