{
    "timescale": 3.0,
    "testnums": 50,
    "lif_mean": 0.0013522477820515633,
    "lif_std": 0.0020768754184246063,
    "dyna_mean": 7.088893471518531e-05,
    "dyna_std": 4.040821295347996e-05
}