{
    "timescale": 10.0,
    "testnums": 50,
    "lif_mean": 0.019217226654291153,
    "lif_std": 0.018780231475830078,
    "dyna_mean": 4.298874855041504,
    "dyna_std": 4.507524490356445
}