{
    "timescale": 7.0,
    "testnums": 50,
    "lif_mean": 0.0012251839507371187,
    "lif_std": 0.002541339723393321,
    "dyna_mean": 6.642173684667796e-05,
    "dyna_std": 8.229197555920109e-05
}