{
    "mse_lif": 4.802093462785706e-05,
    "mse_dyna": 3.0851681458443636e-06
}