{
    "mse_lif": 1.1572405128390528e-05,
    "mse_dyna": 1.437044971908108e-07
}