{
    "mean": 0.8645833333333334,
    "std": 0.1009933303628402,
    "epoch": 323
}