{
    "slope": -1.3015304644834496,
    "intercept": -4.641658840504729
}