{
    "timescale": 0.3,
    "testnums": 50,
    "lif_mean": 0.010712751187384129,
    "lif_std": 0.019143322482705116,
    "dyna_mean": 0.009498505853116512,
    "dyna_std": 0.010824082419276237
}