{
    "timescale": 6.0,
    "testnums": 50,
    "lif_mean": 0.0016784881008788943,
    "lif_std": 0.0019969316199421883,
    "dyna_mean": 0.06907407939434052,
    "dyna_std": 0.10072507709264755
}