{
    "mean": 0.006191488355398178,
    "std": 0.0007893725020867628,
    "epoch": 65
}