{
    "mean": 0.017087392136454584,
    "std": 0.0018108180963363827,
    "epoch": 21
}