{
    "timescale": 6.0,
    "testnums": 50,
    "lif_mean": 0.002263878006488085,
    "lif_std": 0.0038123088888823986,
    "dyna_mean": 7.983831892488524e-05,
    "dyna_std": 5.324670928530395e-05
}