{
    "timescale": 0.2,
    "testnums": 50,
    "lif_mean": 1.8585220459499396e-05,
    "lif_std": 1.8382090274826623e-05,
    "dyna_mean": 2.6335243092034943e-05,
    "dyna_std": 3.2849526178324595e-05
}