{
    "timescale": 3.0,
    "testnums": 50,
    "lif_mean": 0.0014531214255839586,
    "lif_std": 0.001625798991881311,
    "dyna_mean": 6.811691127950326e-05,
    "dyna_std": 3.378828478162177e-05
}