{
    "timescale": 8.0,
    "testnums": 50,
    "lif_mean": 0.0010340138105675578,
    "lif_std": 0.001790214329957962,
    "dyna_mean": 4.854310827795416e-05,
    "dyna_std": 3.8662463339278474e-05
}