{
    "model": "snn",
    "datatype": "gesture",
    "time-scale": 14,
    "mse_v_mean": 4.837583363056183,
    "mse_v_std": 0.09745228188792952,
    "mse_s_mean": 0.10774888005107641,
    "mse_s_std": 0.0006888925643044265
}