{
    "mse_lif": 3.652151644928381e-05,
    "mse_dyna": 1.553601396153681e-05
}