{
    "timescale": 0.8,
    "testnums": 50,
    "lif_mean": 0.00010141461825696751,
    "lif_std": 0.00011509378964547068,
    "dyna_mean": 5.065753066446632e-05,
    "dyna_std": 4.506681580096483e-05
}