{
    "timescale": 6.0,
    "testnums": 50,
    "lif_mean": 6.990230758674443e-05,
    "lif_std": 0.00011203567555639893,
    "dyna_mean": 3.6398653264768654e-06,
    "dyna_std": 3.933446350856684e-06
}