{
    "timescale": 0.6,
    "testnums": 50,
    "lif_mean": 3.1435627079190454e-06,
    "lif_std": 6.868840046081459e-06,
    "dyna_mean": 1.2282331454116502e-06,
    "dyna_std": 4.545682259049499e-06
}