{
    "timescale": 0.6,
    "testnums": 50,
    "lif_mean": 1.4976820239098743e-05,
    "lif_std": 1.707727824395988e-05,
    "dyna_mean": 9.91205706668552e-06,
    "dyna_std": 1.162096577900229e-05
}