{
    "mse_lif": 0.0010667754104360938,
    "mse_dyna": 9.027041869558161e-07
}