{
    "model": "snn",
    "datatype": "gesture",
    "time-scale": 4,
    "mse_v_mean": 1.10836523771286,
    "mse_v_std": 0.016250245707574534,
    "mse_s_mean": 0.10447249561548233,
    "mse_s_std": 0.0008605059224910944
}