{
    "timescale": 8.0,
    "testnums": 50,
    "lif_mean": 0.002430116292089224,
    "lif_std": 0.005359821952879429,
    "dyna_mean": 0.00022943224757909775,
    "dyna_std": 0.0004419898905325681
}