{
    "timescale": 0.5,
    "testnums": 50,
    "lif_mean": 0.002093022456392646,
    "lif_std": 0.004395658150315285,
    "dyna_mean": 0.010889147408306599,
    "dyna_std": 0.014551208354532719
}