{
    "timescale": 7.0,
    "testnums": 50,
    "lif_mean": 0.0017397616757079959,
    "lif_std": 0.0024784491397440434,
    "dyna_mean": 6.273179315030575e-05,
    "dyna_std": 3.519653910188936e-05
}