{
    "mse_lif": 2.486495577613823e-05,
    "mse_dyna": 6.862052259748452e-07
}