{
    "timescale": 0.6,
    "testnums": 50,
    "lif_mean": 0.0038333681877702475,
    "lif_std": 0.004546439740806818,
    "dyna_mean": 0.001425709924660623,
    "dyna_std": 0.0014150748029351234
}