{
    "timescale": 0.1,
    "testnums": 50,
    "lif_mean": 0.016385842114686966,
    "lif_std": 0.031739309430122375,
    "dyna_mean": 0.0008086308953352273,
    "dyna_std": 0.0010956957703456283
}