{
    "timescale": 10.0,
    "testnums": 50,
    "lif_mean": 4.403321509016678e-05,
    "lif_std": 9.282450628234074e-05,
    "dyna_mean": 2.7880771540367277e-06,
    "dyna_std": 4.562449703371385e-06
}