{
    "max": {
        "target_x": 0.017586900778673975,
        "target_y": 0.0263803506606346
    },
    "min": {
        "target_x": -0.017586900778673975,
        "target_y": -0.0263803506606347
    }
}