{
    "mse_lif": 0.010326866991817951,
    "mse_dyna": 4.515740329225082e-06
}