{
    "mse_lif": 2.9399652703432366e-05,
    "mse_dyna": 8.229856973684946e-08
}