{
    "timescale": 0.1,
    "testnums": 50,
    "lif_mean": 0.00040498445741832256,
    "lif_std": 0.0006377778481692076,
    "dyna_mean": 0.001185837434604764,
    "dyna_std": 0.0021044607274234295
}