{
    "timescale": 0.1,
    "testnums": 50,
    "lif_mean": 7.258739060489461e-05,
    "lif_std": 0.0001417145977029577,
    "dyna_mean": 2.9175171221140772e-05,
    "dyna_std": 6.475475674960762e-05
}