{
    "mean": 0.7916666666666666,
    "std": 0.10622957319984969,
    "epoch": 397
}