{
    "timescale": 9.0,
    "testnums": 50,
    "lif_mean": 0.003427554853260517,
    "lif_std": 0.005399148445576429,
    "dyna_mean": 0.0005037347436882555,
    "dyna_std": 0.000737723137717694
}