{
    "timescale": 8.0,
    "testnums": 50,
    "lif_mean": 0.0015711826272308826,
    "lif_std": 0.0038284126203507185,
    "dyna_mean": 8.161478763213381e-05,
    "dyna_std": 0.00011903209087904543
}