{
    "timescale": 3.0,
    "testnums": 50,
    "lif_mean": 0.000391514680813998,
    "lif_std": 0.0008382434025406837,
    "dyna_mean": 1.5623352737748064e-05,
    "dyna_std": 1.5109943888091948e-05
}