{
    "timescale": 0.2,
    "testnums": 50,
    "lif_mean": 0.008678685873746872,
    "lif_std": 0.01237083412706852,
    "dyna_mean": 0.001128506031818688,
    "dyna_std": 0.0012011262588202953
}