{
    "timescale": 0.6,
    "testnums": 50,
    "lif_mean": 0.004315570462495089,
    "lif_std": 0.011097618378698826,
    "dyna_mean": 0.0029080938547849655,
    "dyna_std": 0.007359617855399847
}