{
    "timescale": 5.0,
    "testnums": 50,
    "lif_mean": 1.4624552022723947e-06,
    "lif_std": 3.4752492865663953e-06,
    "dyna_mean": 1.7161519849651086e-07,
    "dyna_std": 5.326625682755548e-07
}