{
    "timescale": 8.0,
    "testnums": 50,
    "lif_mean": 0.0017881043022498488,
    "lif_std": 0.003155351150780916,
    "dyna_mean": 9.224458335665986e-05,
    "dyna_std": 0.00010034222214017063
}