{
    "timescale": 0.4,
    "testnums": 50,
    "lif_mean": 0.004953453317284584,
    "lif_std": 0.008398267440497875,
    "dyna_mean": 0.001199067453853786,
    "dyna_std": 0.0012934438418596983
}