{
    "timescale": 7.0,
    "testnums": 50,
    "lif_mean": 0.00042163964826613665,
    "lif_std": 0.0005574327078647912,
    "dyna_mean": 1.5274212273652665e-05,
    "dyna_std": 1.4508143067359924e-05
}