{
    "mse_lif": 1.4333229046314955e-05,
    "mse_dyna": 1.4333229046314955e-05
}