{
    "mse_lif": 5.731103101425106e-06,
    "mse_dyna": 3.832580119933482e-08
}