{
    "timescale": 0.4,
    "testnums": 50,
    "lif_mean": 1.6342071830877103e-05,
    "lif_std": 1.9464670913293958e-05,
    "dyna_mean": 1.8216180251329206e-05,
    "dyna_std": 3.09570568788331e-05
}