{
    "timescale": 0.3,
    "testnums": 50,
    "lif_mean": 0.007508440408855677,
    "lif_std": 0.007774588651955128,
    "dyna_mean": 0.0012436194811016321,
    "dyna_std": 0.0010881660273298621
}