{
    "timescale": 2.0,
    "testnums": 50,
    "lif_mean": 1.7291069980274187e-06,
    "lif_std": 3.916455625585513e-06,
    "dyna_mean": 1.2991856124244805e-07,
    "dyna_std": 2.479092415796913e-07
}