{
    "timescale": 8.0,
    "testnums": 50,
    "lif_mean": 4.802741023013368e-05,
    "lif_std": 6.107349327066913e-05,
    "dyna_mean": 2.8024480798194418e-06,
    "dyna_std": 2.808072622428881e-06
}