{
    "mse_lif": 0.00015560342581011355,
    "mse_dyna": 2.7464938057164545e-07
}