{
    "timescale": 2.0,
    "testnums": 50,
    "lif_mean": 0.0011396383633837104,
    "lif_std": 0.002462860196828842,
    "dyna_mean": 0.00030141460592858493,
    "dyna_std": 0.0006077344296500087
}