{
    "timescale": 4.0,
    "testnums": 50,
    "lif_mean": 1.0884959920076653e-06,
    "lif_std": 3.192320718881092e-06,
    "dyna_mean": 1.4230198530640337e-07,
    "dyna_std": 4.92656624828669e-07
}