{
    "timescale": 4.0,
    "testnums": 50,
    "lif_mean": 3.899264265783131e-05,
    "lif_std": 7.211744377855211e-05,
    "dyna_mean": 2.1341509182093432e-06,
    "dyna_std": 2.8771628421964124e-06
}