{
    "timescale": 8.0,
    "testnums": 50,
    "lif_mean": 0.002292347140610218,
    "lif_std": 0.003229738911613822,
    "dyna_mean": 8.167354098986834e-05,
    "dyna_std": 4.3686617573257536e-05
}