{
    "timescale": 0.5,
    "testnums": 50,
    "lif_mean": 0.0006353708449751139,
    "lif_std": 0.0006857927655801177,
    "dyna_mean": 0.0005564667517319322,
    "dyna_std": 0.000668274937197566
}