{
    "mean": 0.78125,
    "std": 0.10925092168439078,
    "epoch": 761
}