{
    "mean": 0.007678090408444404,
    "std": 0.0009649474940820525,
    "epoch": 100
}