{
    "mean": 0.006718182284384966,
    "std": 0.0007161325466741812,
    "epoch": 198
}