{
    "slope": -1.9131595865891404,
    "intercept": -7.088173872389639
}