{
    "timescale": 9.0,
    "testnums": 50,
    "lif_mean": 0.0017219333676621318,
    "lif_std": 0.0032053289469331503,
    "dyna_mean": 8.032886398723349e-05,
    "dyna_std": 9.466507617617026e-05
}