{
    "mse_lif": 3.407448730285978e-06,
    "mse_dyna": 1.317109308729414e-06
}