{
    "mean": 0.9270833333333334,
    "std": 0.09547032697824667
}