{
    "mse_lif": 0.001416174229234457,
    "mse_dyna": 0.0009730803431011736
}