{
    "model": "snn",
    "datatype": "gesture",
    "time-scale": 8,
    "mse_v_mean": 2.516541600227356,
    "mse_v_std": 0.029689451710700022,
    "mse_s_mean": 0.10754009708762169,
    "mse_s_std": 0.0009158631077480831
}