{
    "mean": 0.8958333333333334,
    "std": 0.09432692852226475,
    "epoch": 389
}