{
    "mean": 0.013943077251315116,
    "std": 0.0024589421068399956,
    "epoch": 38
}