{
    "mean": 0.49904419978459674,
    "std": 0.0010266287394849233,
    "epoch": 2
}