{
    "mean": 0.49874507387479144,
    "std": 0.0012822930114914123,
    "epoch": 3
}