{
    "mean": 0.03177575604058802,
    "std": 0.002786969486134756,
    "epoch": 173
}