{
    "mean": 0.571875,
    "std": 0.12716868718359878,
    "epoch": 3
}