{
    "timescale": 7.0,
    "testnums": 50,
    "lif_mean": 0.0030548912473022938,
    "lif_std": 0.004511658567935228,
    "dyna_mean": 8.043507841648534e-05,
    "dyna_std": 4.77530193165876e-05
}