{
    "timescale": 0.2,
    "testnums": 50,
    "lif_mean": 0.015230255201458931,
    "lif_std": 0.011846247129142284,
    "dyna_mean": 0.022870128974318504,
    "dyna_std": 0.02197117730975151
}