{
    "timescale": 0.3,
    "testnums": 50,
    "lif_mean": 0.00012179643090348691,
    "lif_std": 0.00016776369011495262,
    "dyna_mean": 0.0002633957483340055,
    "dyna_std": 0.0004039303457830101
}