{
    "mean": 0.8784722222222222,
    "std": 0.08519336212767567
}