{
    "mse_lif": 0.0002091928181471303,
    "mse_dyna": 0.00018010973872151226
}