{
    "mse_lif": 6.596763705601916e-05,
    "mse_dyna": 7.983268091038553e-08
}