{
    "timescale": 3.0,
    "testnums": 50,
    "lif_mean": 1.0961690577460104e-06,
    "lif_std": 2.2723404526914237e-06,
    "dyna_mean": 1.4674208159703994e-07,
    "dyna_std": 4.576893388730241e-07
}