{
    "mean": 0.8784722222222222,
    "std": 0.08893228107545624,
    "epoch": 213
}