{
    "timescale": 0.2,
    "testnums": 50,
    "lif_mean": 5.542024155147374e-06,
    "lif_std": 7.578819349873811e-06,
    "dyna_mean": 3.4099167578460765e-07,
    "dyna_std": 8.524825148015225e-07
}