{
    "timescale": 3.0,
    "testnums": 50,
    "lif_mean": 0.0005466846632771194,
    "lif_std": 0.0013070643180981278,
    "dyna_mean": 6.13979937043041e-05,
    "dyna_std": 6.654082972090691e-05
}