{
    "timescale": 0.6,
    "testnums": 50,
    "lif_mean": 4.454359441297129e-05,
    "lif_std": 7.193196506705135e-05,
    "dyna_mean": 1.682883157627657e-05,
    "dyna_std": 1.7227263015229255e-05
}