{
    "timescale": 2.0,
    "testnums": 50,
    "lif_mean": 0.0002953913644887507,
    "lif_std": 0.0006326052243821323,
    "dyna_mean": 8.503416211169679e-06,
    "dyna_std": 6.434027909563156e-06
}