{
    "timescale": 4.0,
    "testnums": 50,
    "lif_mean": 0.00036151843960396945,
    "lif_std": 0.0006183955701999366,
    "dyna_mean": 1.3268016118672676e-05,
    "dyna_std": 1.2442182196537033e-05
}