{
    "timescale": 4.0,
    "testnums": 50,
    "lif_mean": 3.581669079721905e-05,
    "lif_std": 5.772712029283866e-05,
    "dyna_mean": 3.163205974487937e-06,
    "dyna_std": 4.115252522751689e-06
}