{
    "timescale": 8.0,
    "testnums": 50,
    "lif_mean": 0.0029041306115686893,
    "lif_std": 0.003423661459237337,
    "dyna_mean": 0.00010363089677412063,
    "dyna_std": 4.349906157585792e-05
}