{
    "mse_lif": 0.003991326782852411,
    "mse_dyna": 0.0042403205297887325
}