{
    "timescale": 0.8,
    "testnums": 50,
    "lif_mean": 0.00013923422375228256,
    "lif_std": 0.0001717384730000049,
    "dyna_mean": 7.114344771252945e-05,
    "dyna_std": 5.888883970328607e-05
}