{
    "timescale": 9.0,
    "testnums": 50,
    "lif_mean": 0.01959717646241188,
    "lif_std": 0.01688648946583271,
    "dyna_mean": 3.9417247772216797,
    "dyna_std": 5.941673278808594
}