{
    "timescale": 0.1,
    "testnums": 50,
    "lif_mean": 0.0008448419976048172,
    "lif_std": 0.0006579303299076855,
    "dyna_mean": 0.0014428619761019945,
    "dyna_std": 0.0016286089085042477
}