{
    "mse_lif": 0.02400660701096058,
    "mse_dyna": 0.02400660701096058
}