{
    "timescale": 0.8,
    "testnums": 50,
    "lif_mean": 0.004547908436506987,
    "lif_std": 0.008652137592434883,
    "dyna_mean": 0.0035795727744698524,
    "dyna_std": 0.006788002792745829
}