{
    "timescale": 10.0,
    "testnums": 50,
    "lif_mean": 0.002410070039331913,
    "lif_std": 0.003939502406865358,
    "dyna_mean": 8.694775169715285e-05,
    "dyna_std": 5.469086318043992e-05
}