{
    "mse_lif": 0.010590855032205582,
    "mse_dyna": 0.010646222159266472
}