{
    "timescale": 3.0,
    "testnums": 50,
    "lif_mean": 0.002453772583976388,
    "lif_std": 0.003211760427802801,
    "dyna_mean": 0.00011159777932334691,
    "dyna_std": 5.20749636052642e-05
}