{
    "mse_lif": 0.0001969443546840921,
    "mse_dyna": 2.4566801926084736e-07
}