{
    "timescale": 3.0,
    "testnums": 50,
    "lif_mean": 4.097314376849681e-05,
    "lif_std": 5.890932879992761e-05,
    "dyna_mean": 3.1919992125040153e-06,
    "dyna_std": 3.6879264371236786e-06
}