{
    "timescale": 7.0,
    "testnums": 50,
    "lif_mean": 5.425802737590857e-05,
    "lif_std": 7.550758891738951e-05,
    "dyna_mean": 3.828698936558794e-06,
    "dyna_std": 4.44189936388284e-06
}