{
    "timescale": 0.7,
    "testnums": 50,
    "lif_mean": 0.0005148021155036986,
    "lif_std": 0.0005428090807981789,
    "dyna_mean": 0.00040250661550089717,
    "dyna_std": 0.00040139551856555045
}