{
    "mean": 0.6805555555555556,
    "std": 0.06874649261535878,
    "epoch": 29
}