{
    "mean": 0.7118055555555556,
    "std": 0.09407095266766713,
    "epoch": 92
}