{
    "mean": 0.7326388888888888,
    "std": 0.07810570749445829,
    "epoch": 105
}