{
    "mean": 0.8819444444444444,
    "std": 0.0856168611523469,
    "epoch": 798
}