{
    "mean": 0.65625,
    "std": 0.10520317644127165,
    "epoch": 17
}