{
    "mean": 0.7430555555555556,
    "std": 0.08038775626937657,
    "epoch": 125
}