{
    "mean": 0.6979166666666666,
    "std": 0.07216878364870322,
    "epoch": 75
}