{
    "timescale": 3.0,
    "testnums": 50,
    "lif_mean": 0.013190556317567825,
    "lif_std": 0.010520230047404766,
    "dyna_mean": 0.19146400690078735,
    "dyna_std": 0.20818130671977997
}