{
    "mean": 0.027891278499737382,
    "std": 0.0007402913121371297,
    "epoch": 37
}