{
    "mean": 0.026113396510481834,
    "std": 0.0005668702948590658,
    "epoch": 163
}