{
    "mse_lif": 0.00021967805514577776,
    "mse_dyna": 1.9286876806745568e-07
}