{
    "mean": 0.501205176115036,
    "std": 0.0014378253720684648,
    "epoch": 2
}