{
    "timescale": 4.0,
    "testnums": 50,
    "lif_mean": 5.589015199802816e-05,
    "lif_std": 8.751540735829622e-05,
    "dyna_mean": 3.6131125398242148e-06,
    "dyna_std": 4.929342139803339e-06
}