{
    "model": "model_epoch_240.pth",
    "mean": 0.7638888888888888,
    "std": 0.06606353330014045
}