{
    "mean": 0.6527777777777778,
    "std": 0.1860152116108177
}