{
    "mean": 0.8981481481481483,
    "std": 0.0747581262127553,
    "epoch": 121
}