{
    "mse_lif": 4.99996474445652e-07,
    "mse_dyna": 4.99996474445652e-07
}