{
    "timescale": 0.2,
    "testnums": 50,
    "lif_mean": 0.0009555359720252454,
    "lif_std": 0.0012254189932718873,
    "dyna_mean": 0.0005394209292717278,
    "dyna_std": 0.00041486427653580904
}