{
    "timescale": 0.5,
    "testnums": 50,
    "lif_mean": 1.8546454157331027e-05,
    "lif_std": 1.6762976883910596e-05,
    "dyna_mean": 1.5983196135493927e-05,
    "dyna_std": 1.6034418877097778e-05
}