{
    "timescale": 10.0,
    "testnums": 50,
    "lif_mean": 0.0024975426495075226,
    "lif_std": 0.0024007679894566536,
    "dyna_mean": 0.32530930638313293,
    "dyna_std": 0.36172565817832947
}