{
    "timescale": 0.1,
    "testnums": 50,
    "lif_mean": 0.026058245450258255,
    "lif_std": 0.04558514803647995,
    "dyna_mean": 0.01009119302034378,
    "dyna_std": 0.010308141820132732
}