{
    "timescale": 0.4,
    "testnums": 50,
    "lif_mean": 0.011028420180082321,
    "lif_std": 0.007866447791457176,
    "dyna_mean": 0.01555242296308279,
    "dyna_std": 0.013745022006332874
}