{
    "timescale": 10.0,
    "testnums": 50,
    "lif_mean": 0.022897297516465187,
    "lif_std": 0.020605523139238358,
    "dyna_mean": 5.6240105628967285,
    "dyna_std": 6.792079925537109
}