{
    "timescale": 0.9,
    "testnums": 50,
    "lif_mean": 0.01297084055840969,
    "lif_std": 0.037092551589012146,
    "dyna_mean": 0.012389927171170712,
    "dyna_std": 0.035450417548418045
}