{
    "mse_lif": 0.0027446879539638758,
    "mse_dyna": 0.001060211332514882
}