{
    "timescale": 2.0,
    "testnums": 50,
    "lif_mean": 2.9977505619172007e-05,
    "lif_std": 7.316900155274197e-05,
    "dyna_mean": 1.644558096813853e-06,
    "dyna_std": 2.6904015157924732e-06
}