{
    "timescale": 6.0,
    "testnums": 50,
    "lif_mean": 6.935738201718777e-05,
    "lif_std": 0.0002090754423988983,
    "dyna_mean": 4.001144588983152e-06,
    "dyna_std": 4.567588803183753e-06
}