{
    "timescale": 5.0,
    "testnums": 50,
    "lif_mean": 1.2333640597717022e-06,
    "lif_std": 3.6031055969942827e-06,
    "dyna_mean": 9.665896527621953e-08,
    "dyna_std": 2.631290385579632e-07
}