{
    "timescale": 5.0,
    "testnums": 50,
    "lif_mean": 5.6764325563563034e-05,
    "lif_std": 9.093614062294364e-05,
    "dyna_mean": 3.2808454761834582e-06,
    "dyna_std": 3.847934294753941e-06
}