{
    "mean": 0.08333333333333333,
    "std": 0.01473139127471974,
    "epoch": 0
}