{
    "timescale": 8.0,
    "testnums": 50,
    "lif_mean": 0.02108827419579029,
    "lif_std": 0.017794443294405937,
    "dyna_mean": 2.2205629348754883,
    "dyna_std": 2.3441879749298096
}