{
    "mse_lif": 5.476114165503532e-05,
    "mse_dyna": 3.5234079405199736e-05
}