{
    "mean": 0.9340277777777778,
    "std": 0.07993655856403707
}