{
    "timescale": 5.0,
    "testnums": 50,
    "lif_mean": 3.394365921849385e-05,
    "lif_std": 6.140227196738124e-05,
    "dyna_mean": 2.824290731950896e-06,
    "dyna_std": 3.4985648653673707e-06
}