{
    "timescale": 0.6,
    "testnums": 50,
    "lif_mean": 2.6251657345710555e-06,
    "lif_std": 5.1340070967853535e-06,
    "dyna_mean": 5.164990852790652e-07,
    "dyna_std": 1.4616118733101757e-06
}