{
    "timescale": 0.6,
    "testnums": 50,
    "lif_mean": 1.566864193591755e-05,
    "lif_std": 1.791662180039566e-05,
    "dyna_mean": 1.1019408702850342e-05,
    "dyna_std": 1.4737384844920598e-05
}