{
    "timescale": 0.1,
    "testnums": 50,
    "lif_mean": 0.013960537500679493,
    "lif_std": 0.021449286490678787,
    "dyna_mean": 0.002403202001005411,
    "dyna_std": 0.0036821826361119747
}