{
    "timescale": 0.2,
    "testnums": 50,
    "lif_mean": 0.014770115725696087,
    "lif_std": 0.03464112430810928,
    "dyna_mean": 0.013237442821264267,
    "dyna_std": 0.018711121752858162
}