{
    "timescale": 9.0,
    "testnums": 50,
    "lif_mean": 0.024445297196507454,
    "lif_std": 0.024876119568943977,
    "dyna_mean": 3.7774813175201416,
    "dyna_std": 4.796517372131348
}