{
    "timescale": 2.0,
    "testnums": 2,
    "lif_mean": 1.0958912753267214e-05,
    "lif_std": 6.2316885305335745e-06,
    "dyna_mean": 2.357423682042281e-06,
    "dyna_std": 2.331016503376304e-06
}