{
    "mse_lif": 0.0016690784832462668,
    "mse_dyna": 0.0016690784832462668
}