{
    "timescale": 0.8,
    "testnums": 50,
    "lif_mean": 0.0028812268283218145,
    "lif_std": 0.0029402810614556074,
    "dyna_mean": 0.001862275181338191,
    "dyna_std": 0.0017260838067159057
}