{
    "mse_lif": 8.018658263608813e-06,
    "mse_dyna": 9.944795920091565e-07
}