{
    "mse_lif": 1.9640910977614112e-05,
    "mse_dyna": 3.9302946674979466e-07
}