{
    "timescale": 0.9,
    "testnums": 50,
    "lif_mean": 0.004679916892200708,
    "lif_std": 0.004461443983018398,
    "dyna_mean": 0.0035096406936645508,
    "dyna_std": 0.0032509048469364643
}