{
    "timescale": 0.2,
    "testnums": 50,
    "lif_mean": 0.009616068564355373,
    "lif_std": 0.02055341564118862,
    "dyna_mean": 0.010858713649213314,
    "dyna_std": 0.016077976673841476
}