{
    "timescale": 4.0,
    "testnums": 50,
    "lif_mean": 3.355355147505179e-05,
    "lif_std": 9.0916728368029e-05,
    "dyna_mean": 2.6277598408341873e-06,
    "dyna_std": 3.852300324069802e-06
}