{
    "mse_lif": 8.077982784016058e-05,
    "mse_dyna": 1.0376421641922207e-06
}