{
    "timescale": 0.5,
    "testnums": 50,
    "lif_mean": 3.117173719147104e-06,
    "lif_std": 5.087750651000533e-06,
    "dyna_mean": 6.93122501616017e-07,
    "dyna_std": 2.4816906716296216e-06
}