{
    "mse_lif": 0.02908729575574398,
    "mse_dyna": 0.02908729575574398
}