{
    "timescale": 5.0,
    "testnums": 50,
    "lif_mean": 0.0021321296226233244,
    "lif_std": 0.0027571148239076138,
    "dyna_mean": 7.91779748396948e-05,
    "dyna_std": 4.622703272616491e-05
}