{
    "timescale": 5.0,
    "testnums": 50,
    "lif_mean": 0.002023333217948675,
    "lif_std": 0.004498169757425785,
    "dyna_mean": 0.06514940410852432,
    "dyna_std": 0.17726024985313416
}