{
    "timescale": 6.0,
    "testnums": 50,
    "lif_mean": 3.80326412141585e-07,
    "lif_std": 1.023603545036167e-06,
    "dyna_mean": 4.5705100149007194e-08,
    "dyna_std": 1.1680710798600558e-07
}