{
    "timescale": 0.1,
    "testnums": 50,
    "lif_mean": 0.012908052653074265,
    "lif_std": 0.015470597892999649,
    "dyna_mean": 0.003309055930003524,
    "dyna_std": 0.0032988826278597116
}