{
    "timescale": 0.9,
    "testnums": 50,
    "lif_mean": 3.268420186941512e-06,
    "lif_std": 6.862368081783643e-06,
    "dyna_mean": 2.477474026818527e-06,
    "dyna_std": 5.475838406709954e-06
}