{
    "timescale": 3.0,
    "testnums": 50,
    "lif_mean": 1.5169935068115592e-06,
    "lif_std": 4.03625244871364e-06,
    "dyna_mean": 1.036370846918544e-07,
    "dyna_std": 2.566894465871883e-07
}