{
    "timescale": 0.9,
    "testnums": 50,
    "lif_mean": 0.0022382496390491724,
    "lif_std": 0.002110570902004838,
    "dyna_mean": 0.0017963984282687306,
    "dyna_std": 0.0015721984673291445
}