{
    "mean": 0.646875,
    "std": 0.13353662887013437
}