{
    "timescale": 9.0,
    "testnums": 50,
    "lif_mean": 0.0024412914644926786,
    "lif_std": 0.003522818675264716,
    "dyna_mean": 7.773944525979459e-05,
    "dyna_std": 5.240092286840081e-05
}