{
    "mean": 0.815625,
    "std": 0.06510208329999893
}