{
    "timescale": 7.0,
    "testnums": 50,
    "lif_mean": 0.0023408306296914816,
    "lif_std": 0.0048742713406682014,
    "dyna_mean": 7.931734580779448e-05,
    "dyna_std": 5.356487235985696e-05
}