{
    "timescale": 0.5,
    "testnums": 50,
    "lif_mean": 0.0004753798129968345,
    "lif_std": 0.0004993934417143464,
    "dyna_mean": 0.0004321521264500916,
    "dyna_std": 0.0005342746153473854
}