{
    "model": "dynamic-snn",
    "datatype": "gesture",
    "time-scale": 15.0,
    "mse_v_mean": 0.18826007843017578,
    "mse_v_std": 0.0,
    "mse_s_mean": 0.08229494839906693,
    "mse_s_std": 0.0
}