{
    "timescale": 9.0,
    "testnums": 50,
    "lif_mean": 4.2204726469208254e-07,
    "lif_std": 1.230331463375478e-06,
    "dyna_mean": 1.009912224958498e-07,
    "dyna_std": 3.787410776112665e-07
}