{
    "timescale": 6.0,
    "testnums": 50,
    "lif_mean": 4.358255318948068e-05,
    "lif_std": 6.967208901187405e-05,
    "dyna_mean": 2.7308474273013417e-06,
    "dyna_std": 3.4379595490463544e-06
}