{
    "timescale": 0.2,
    "testnums": 50,
    "lif_mean": 0.011616984382271767,
    "lif_std": 0.007732987403869629,
    "dyna_mean": 0.025847868993878365,
    "dyna_std": 0.025823324918746948
}