{
    "timescale": 2.0,
    "testnums": 50,
    "lif_mean": 1.4255424503062386e-06,
    "lif_std": 4.1966695789597e-06,
    "dyna_mean": 1.2759036849274707e-07,
    "dyna_std": 3.383496220976667e-07
}