{
    "timescale": 0.3,
    "testnums": 50,
    "lif_mean": 0.006712000351399183,
    "lif_std": 0.01024499349296093,
    "dyna_mean": 0.0011615969706326723,
    "dyna_std": 0.001078983535990119
}