{
    "mse_lif": 0.0003094791027251631,
    "mse_dyna": 0.00025297803222201765
}