{
    "timescale": 10.0,
    "testnums": 50,
    "lif_mean": 6.914661298651481e-06,
    "lif_std": 1.0544670658418909e-05,
    "dyna_mean": 1.0900879487962811e-07,
    "dyna_std": 3.6951666970708175e-07
}