{
    "mse_lif": 0.001212402363307774,
    "mse_dyna": 4.1167677409248427e-05
}