{
    "timescale": 2.0,
    "testnums": 50,
    "lif_mean": 0.000502695154864341,
    "lif_std": 0.001564939972013235,
    "dyna_mean": 0.00010844053758773953,
    "dyna_std": 0.00028895962168462574
}