{
    "timescale": 0.6,
    "testnums": 50,
    "lif_mean": 0.002791689708828926,
    "lif_std": 0.003538594814017415,
    "dyna_mean": 0.0012323064729571342,
    "dyna_std": 0.0011656316928565502
}