{
    "timescale": 0.6,
    "testnums": 50,
    "lif_mean": 9.661409421823919e-05,
    "lif_std": 7.806275971233845e-05,
    "dyna_mean": 7.337731221923605e-05,
    "dyna_std": 7.053861918393523e-05
}