{
    "mse_lif": 0.003925710916519165,
    "mse_dyna": 9.913931080518523e-07
}