{
    "mse_lif": 0.004208491183817387,
    "mse_dyna": 0.004209909588098526
}