{
    "timescale": 10.0,
    "testnums": 50,
    "lif_mean": 5.0973965699085966e-05,
    "lif_std": 0.00010450674017192796,
    "dyna_mean": 2.9750008252449334e-06,
    "dyna_std": 4.408864697325043e-06
}