{
    "mse_lif": 0.0009364550933241844,
    "mse_dyna": 9.478505944571225e-07
}