{
    "timescale": 3.0,
    "testnums": 50,
    "lif_mean": 0.0017328484682366252,
    "lif_std": 0.004747886210680008,
    "dyna_mean": 0.00025905502843670547,
    "dyna_std": 0.0006297678337432444
}