{
    "timescale": 0.7,
    "testnums": 50,
    "lif_mean": 0.026111949235200882,
    "lif_std": 0.01863117516040802,
    "dyna_mean": 0.028539881110191345,
    "dyna_std": 0.01625613495707512
}