{
    "timescale": 2.0,
    "testnums": 50,
    "lif_mean": 2.8789374482585117e-05,
    "lif_std": 5.1219532906543463e-05,
    "dyna_mean": 1.7811395309763611e-06,
    "dyna_std": 2.2950302991375793e-06
}