{
    "timescale": 0.7,
    "testnums": 50,
    "lif_mean": 0.001749281189404428,
    "lif_std": 0.002236327389255166,
    "dyna_mean": 0.0009813620708882809,
    "dyna_std": 0.00100043008569628
}