{
    "max": {
        "target_x": 0.6999999999986508,
        "target_y": 0.2999999999979761
    },
    "min": {
        "target_x": 0.3000000000013492,
        "target_y": -0.2999999999979761
    }
}