{
    "timescale": 2.0,
    "testnums": 50,
    "lif_mean": 0.0020274778362363577,
    "lif_std": 0.0020622441079467535,
    "dyna_mean": 7.89437981438823e-05,
    "dyna_std": 4.1892690205713734e-05
}