{
    "timescale": 0.1,
    "testnums": 50,
    "lif_mean": 0.0007114346954040229,
    "lif_std": 0.0005954326479695737,
    "dyna_mean": 0.000919122772756964,
    "dyna_std": 0.0008272701525129378
}