{
    "mse_lif": 0.001589487073943019,
    "mse_dyna": 0.00028393339016474783
}