{
    "mean": 0.8819444444444444,
    "std": 0.09054447785003678,
    "epoch": 632
}