{
    "timescale": 0.6,
    "testnums": 50,
    "lif_mean": 0.02496083825826645,
    "lif_std": 0.017061280086636543,
    "dyna_mean": 0.027168715372681618,
    "dyna_std": 0.014866819605231285
}