{
    "timescale": 0.7,
    "testnums": 50,
    "lif_mean": 0.008922192268073559,
    "lif_std": 0.007043272256851196,
    "dyna_mean": 0.009563852101564407,
    "dyna_std": 0.006822293624281883
}