{
    "mean": 0.8229166666666666,
    "std": 0.09316949906249124,
    "epoch": 672
}