{
    "mse_lif": 2.565961767686531e-05,
    "mse_dyna": 5.769073595729424e-06
}