{
    "mse_lif": 1.557251925987657e-05,
    "mse_dyna": 2.9219130226465495e-08
}