{
    "mse_lif": 4.8569898353889585e-05,
    "mse_dyna": 2.134547912646667e-06
}