{
    "mean": 0.8993055555555556,
    "std": 0.09407095266766713,
    "epoch": 404
}