{
    "timescale": 4.0,
    "testnums": 50,
    "lif_mean": 4.6368991206691135e-06,
    "lif_std": 5.944696113147074e-06,
    "dyna_mean": 9.419207458449819e-08,
    "dyna_std": 3.364684744155966e-07
}