{
    "mse_lif": 3.060840390389785e-05,
    "mse_dyna": 3.651327631359891e-07
}