{
    "timescale": 0.5,
    "testnums": 50,
    "lif_mean": 0.0018872139044106007,
    "lif_std": 0.0023676406126469374,
    "dyna_mean": 0.00037510914262384176,
    "dyna_std": 0.00036807023570872843
}