{
    "timescale": 8.0,
    "testnums": 50,
    "lif_mean": 0.0051450892351567745,
    "lif_std": 0.013230208307504654,
    "dyna_mean": 0.0007282242295332253,
    "dyna_std": 0.001641525304876268
}