{
    "timescale": 0.1,
    "testnums": 50,
    "lif_mean": 0.0114537812769413,
    "lif_std": 0.022040650248527527,
    "dyna_mean": 0.023354554548859596,
    "dyna_std": 0.060371965169906616
}