{
    "max": {
        "joint0": -1.2127488719799944,
        "joint1": -0.9554714109553636,
        "joint2": 2.3126321340075005,
        "joint3": -1.7734497466393049,
        "joint4": -1.5707963267948963,
        "joint5": 0.3580474548149027
    },
    "min": {
        "joint0": -2.5830323734938943,
        "joint1": -1.8647003766756864,
        "joint2": 1.240033635755726,
        "joint3": -2.070975157920953,
        "joint4": -1.5737210355437086,
        "joint5": -1.0122360466989977
    }
}