{
    "timescale": 0.3,
    "testnums": 50,
    "lif_mean": 0.005961618851870298,
    "lif_std": 0.0073507726192474365,
    "dyna_mean": 0.0010914364829659462,
    "dyna_std": 0.0009776221122592688
}