{
    "mean": 0.008012754687418541,
    "std": 0.0004897198552641424,
    "epoch": 199
}