{
    "mean": 0.501051147778829,
    "std": 0.0016902239286551927,
    "epoch": 2
}