{
    "model": "snn",
    "datatype": "gesture",
    "time-scale": 2,
    "mse_v_mean": 5.230795085430145,
    "mse_v_std": 0.035454381885718284,
    "mse_s_mean": 0.06585258431732655,
    "mse_s_std": 0.00039052753065048595
}