{
    "mse_lif": 0.08224852383136749,
    "mse_dyna": 0.003050249069929123
}