{
    "timescale": 0.2,
    "testnums": 50,
    "lif_mean": 0.009100986644625664,
    "lif_std": 0.015458645299077034,
    "dyna_mean": 0.0012114315759390593,
    "dyna_std": 0.001976526342332363
}