{
    "timescale": 9.0,
    "testnums": 50,
    "lif_mean": 0.0018463918240740895,
    "lif_std": 0.0028857113793492317,
    "dyna_mean": 8.203223114833236e-05,
    "dyna_std": 4.6008528443053365e-05
}