{
    "timescale": 7.0,
    "testnums": 50,
    "lif_mean": 0.002447070088237524,
    "lif_std": 0.004567465744912624,
    "dyna_mean": 9.243169915862381e-05,
    "dyna_std": 5.245276406640187e-05
}