{
    "timescale": 0.2,
    "testnums": 50,
    "lif_mean": 5.2543591664289124e-06,
    "lif_std": 1.3284616215969436e-05,
    "dyna_mean": 5.3045232561999e-07,
    "dyna_std": 2.1223363546596374e-06
}