{
    "mse_lif": 0.004841108340770006,
    "mse_dyna": 4.840245765080908e-06
}