{
    "timescale": 0.3,
    "testnums": 50,
    "lif_mean": 0.005450778640806675,
    "lif_std": 0.011305171996355057,
    "dyna_mean": 0.0015767388977110386,
    "dyna_std": 0.003118185792118311
}