{
    "mean": 0.009765520319342613,
    "std": 0.0017177148929276758,
    "epoch": 46
}