{
    "mse_lif": 2.466593468852807e-05,
    "mse_dyna": 3.272757567174267e-07
}