{
    "mse_lif": 2.108193984895479e-05,
    "mse_dyna": 4.21754339186009e-06
}