{
    "max": {
        "joint0": -1.2127488719799944,
        "joint1": -0.955471410955364,
        "joint2": 2.3126352744571954,
        "joint3": -1.7734497466393049,
        "joint4": -1.570796326794896,
        "joint5": 0.3580474548149021
    },
    "min": {
        "joint0": -2.5830323734938365,
        "joint1": -1.8647051967013315,
        "joint2": 1.240033635755727,
        "joint3": -2.070985655239936,
        "joint4": -1.5737210355437086,
        "joint5": -1.01223604669894
    }
}