{
    "max": {
        "target_x": 0.01758690032207294,
        "target_y": 0.0131934959472501
    },
    "min": {
        "target_x": -0.017586948632486554,
        "target_y": -0.0131936251478263
    }
}