{
    "mean": 0.8090277777777778,
    "std": 0.06152793453704635,
    "epoch": 779
}