{
    "timescale": 7.0,
    "testnums": 50,
    "lif_mean": 1.7440376041122363e-06,
    "lif_std": 6.444728114729514e-06,
    "dyna_mean": 1.9260960471001454e-07,
    "dyna_std": 5.564013463299489e-07
}