{
    "timescale": 0.9,
    "testnums": 50,
    "lif_mean": 0.009206964634358883,
    "lif_std": 0.006486878730356693,
    "dyna_mean": 0.008668718859553337,
    "dyna_std": 0.0060992068611085415
}