{
    "mean": 0.7847222222222222,
    "std": 0.07856742013183861
}