{
    "mse_lif": 0.017075544223189354,
    "mse_dyna": 0.017075544223189354
}