{
    "mse_lif": 0.0005007442669011652,
    "mse_dyna": 0.0005007442669011652
}