{
    "mse_lif": 0.005862368270754814,
    "mse_dyna": 0.0010556021006777883
}