{
    "timescale": 4.0,
    "testnums": 50,
    "lif_mean": 0.0009150843834504485,
    "lif_std": 0.002038901671767235,
    "dyna_mean": 4.8222449549939483e-05,
    "dyna_std": 6.222412048373371e-05
}