{
    "max": {
        "joint0": -1.2557971310141238,
        "joint1": -1.210726563691687,
        "joint2": 2.080402092367461,
        "joint3": -1.7734497466393049,
        "joint4": -1.5707963267948963,
        "joint5": 0.3149991957807727
    },
    "min": {
        "joint0": -2.3834996058494564,
        "joint1": -1.5802680078215217,
        "joint2": 1.6332525199252133,
        "joint3": -2.0709858264229477,
        "joint4": -1.5737210355437086,
        "joint5": -0.8127032790545602
    }
}