{
    "max": {
        "target_x": 0.006595087715933923,
        "target_y": 0.013193536322432201
    },
    "min": {
        "target_x": -0.006595136026341097,
        "target_y": -0.0131935847726442
    }
}