{
    "timescale": 8.0,
    "testnums": 50,
    "lif_mean": 0.0021094055846333504,
    "lif_std": 0.0038448586128652096,
    "dyna_mean": 8.422047540079802e-05,
    "dyna_std": 4.5997672714293e-05
}