{
    "timescale": 8.0,
    "testnums": 50,
    "lif_mean": 0.01693669706583023,
    "lif_std": 0.015011346898972988,
    "dyna_mean": 2.211500406265259,
    "dyna_std": 2.9128596782684326
}