{
    "mean": 0.8611111111111112,
    "std": 0.10003375202005509,
    "epoch": 770
}