{
    "timescale": 2.0,
    "testnums": 2,
    "lif_mean": 0.0001092633610824123,
    "lif_std": 7.553209434263408e-05,
    "dyna_mean": 2.2199703380465508e-05,
    "dyna_std": 1.15315569928498e-05
}