{
    "timescale": 0.6,
    "testnums": 50,
    "lif_mean": 0.00234743719920516,
    "lif_std": 0.0032945622224360704,
    "dyna_mean": 0.0011391427833586931,
    "dyna_std": 0.0013942786026746035
}