{
    "mean": 0.005736984498798847,
    "std": 8.803517562339582e-05,
    "epoch": 188
}