{
    "mean": 0.006630775053054094,
    "std": 0.00015555557133500495,
    "epoch": 67
}