{
    "mean": 0.9247685185185185,
    "std": 0.08065394162122382,
    "epoch": 305
}