{
    "timescale": 10.0,
    "testnums": 50,
    "lif_mean": 0.003036987269297242,
    "lif_std": 0.004784863442182541,
    "dyna_mean": 8.453754708170891e-05,
    "dyna_std": 4.4838900066679344e-05
}