{
    "mse_lif": 0.014108020812273026,
    "mse_dyna": 0.0004878747568000108
}