{
    "mse_lif": 9.365073492517695e-05,
    "mse_dyna": 1.8020057268586243e-07
}