{
    "mse_lif": 0.00010466333333170041,
    "mse_dyna": 1.1164751612113832e-07
}