{
    "mse_lif": 1.7626947737880982e-05,
    "mse_dyna": 1.0098291568283457e-05
}