{
    "timescale": 9.0,
    "testnums": 50,
    "lif_mean": 6.691111593681853e-07,
    "lif_std": 1.34492415782006e-06,
    "dyna_mean": 6.887901093932669e-08,
    "dyna_std": 1.2462470522223157e-07
}