{
    "mean": 0.63125,
    "std": 0.08184875533567997,
    "epoch": 77
}