{
    "timescale": 5.0,
    "testnums": 50,
    "lif_mean": 4.347151116235182e-05,
    "lif_std": 0.00011075155634898692,
    "dyna_mean": 2.8900308279844467e-06,
    "dyna_std": 4.7095277295738924e-06
}