{
    "timescale": 5.0,
    "testnums": 50,
    "lif_mean": 1.8421549157210393e-06,
    "lif_std": 5.508099093276542e-06,
    "dyna_mean": 1.8644628596575785e-07,
    "dyna_std": 3.8782337696829927e-07
}