{
    "timescale": 2.0,
    "testnums": 50,
    "lif_mean": 0.007396284956485033,
    "lif_std": 0.006683918181806803,
    "dyna_mean": 0.046195849776268005,
    "dyna_std": 0.04441995918750763
}