{
    "timescale": 0.1,
    "testnums": 50,
    "lif_mean": 0.013588282279670238,
    "lif_std": 0.017390359193086624,
    "dyna_mean": 0.003909622319042683,
    "dyna_std": 0.005237104836851358
}