{
    "mean": 0.008227284532040358,
    "std": 0.0004292315937030388,
    "epoch": 42
}