{
    "mean": 0.005946789588779211,
    "std": 7.871837106483674e-05,
    "epoch": 62
}