{
    "mean": 0.005361425504088402,
    "std": 3.103816133883077e-05,
    "epoch": 100
}