{
    "timescale": 0.3,
    "testnums": 50,
    "lif_mean": 0.012302462942898273,
    "lif_std": 0.017987461760640144,
    "dyna_mean": 0.0017251825192943215,
    "dyna_std": 0.00177478208206594
}