{
    "mse_lif": 0.0231439471244812,
    "mse_dyna": 0.0009047019411809742
}