{
    "timescale": 9.0,
    "testnums": 50,
    "lif_mean": 1.2033183338644449e-06,
    "lif_std": 3.5820683024212485e-06,
    "dyna_mean": 1.5709539979980036e-07,
    "dyna_std": 4.857976705352485e-07
}