{
    "timescale": 0.4,
    "testnums": 50,
    "lif_mean": 8.382259693462402e-06,
    "lif_std": 1.841605808294844e-05,
    "dyna_mean": 1.0785395261336816e-06,
    "dyna_std": 3.1422737265529577e-06
}