{
    "timescale": 0.6,
    "testnums": 50,
    "lif_mean": 4.276979780115653e-06,
    "lif_std": 5.051225798524683e-06,
    "dyna_mean": 2.1696207568311365e-06,
    "dyna_std": 2.9031195936113363e-06
}