{
    "mse_lif": 6.665053660981357e-05,
    "mse_dyna": 9.222766675520688e-05
}