{
    "timescale": 9.0,
    "testnums": 50,
    "lif_mean": 0.002083161612972617,
    "lif_std": 0.00286417780444026,
    "dyna_mean": 0.20498289167881012,
    "dyna_std": 0.3046151101589203
}