{
    "timescale": 10.0,
    "testnums": 50,
    "lif_mean": 2.920942824857775e-05,
    "lif_std": 3.8518934161402285e-05,
    "dyna_mean": 2.1287610252329614e-06,
    "dyna_std": 2.855986849681358e-06
}