{
    "timescale": 10.0,
    "testnums": 50,
    "lif_mean": 3.9607436974620214e-07,
    "lif_std": 1.2580915154103423e-06,
    "dyna_mean": 6.496696869362495e-08,
    "dyna_std": 2.2323874304674973e-07
}