{
    "mean": 0.7951388888888888,
    "std": 0.11977908549069681,
    "epoch": 372
}