{
    "mse_lif": 9.69505663306336e-07,
    "mse_dyna": 4.027082556312678e-10
}