{
    "timescale": 2.0,
    "testnums": 50,
    "lif_mean": 0.002045759465545416,
    "lif_std": 0.0033867538440972567,
    "dyna_mean": 8.575857646064833e-05,
    "dyna_std": 5.118053741171025e-05
}