{
    "mean": 0.9131944444444444,
    "std": 0.08561686115234689,
    "epoch": 388
}