{
    "timescale": 0.9,
    "testnums": 50,
    "lif_mean": 0.003373582847416401,
    "lif_std": 0.008291597478091717,
    "dyna_mean": 0.003004968399181962,
    "dyna_std": 0.007341882213950157
}