{
    "timescale": 0.2,
    "testnums": 50,
    "lif_mean": 0.007882494479417801,
    "lif_std": 0.011230777949094772,
    "dyna_mean": 0.0012238649651408195,
    "dyna_std": 0.0013411231338977814
}