{
    "timescale": 0.7,
    "testnums": 50,
    "lif_mean": 5.338625669537578e-06,
    "lif_std": 1.0708229638112243e-05,
    "dyna_mean": 3.0658961804874707e-06,
    "dyna_std": 5.424509254225995e-06
}