{
    "timescale": 0.9,
    "testnums": 50,
    "lif_mean": 2.277520707139047e-06,
    "lif_std": 3.434629434195813e-06,
    "dyna_mean": 1.6365305555154919e-06,
    "dyna_std": 2.6384859665995464e-06
}