{
    "timescale": 6.0,
    "testnums": 50,
    "lif_mean": 1.1358846450093552e-06,
    "lif_std": 3.53985251422273e-06,
    "dyna_mean": 2.1227046431704366e-07,
    "dyna_std": 7.873704248595459e-07
}