{
    "mean": 0.8055555555555556,
    "std": 0.07479395565464589,
    "epoch": 181
}