{
    "mean": 0.7604166666666666,
    "std": 0.057054433073454806,
    "epoch": 67
}