{
    "mean": 0.8888888888888888,
    "std": 0.1011126373511183,
    "epoch": 280
}