{
    "mean": 0.84375,
    "std": 0.0858980338670346,
    "epoch": 237
}