{
    "mean": 0.8611111111111112,
    "std": 0.08852464433320807,
    "epoch": 271
}