{
    "mean": 0.9131944444444444,
    "std": 0.08687497224442224,
    "epoch": 416
}