{
    "mean": 0.9166666666666666,
    "std": 0.06750771560841522,
    "epoch": 796
}