{
    "mean": 0.7291666666666666,
    "std": 0.03897559777889523,
    "epoch": 35
}