{
    "mean": 0.7777777777777778,
    "std": 0.08128263826888628,
    "epoch": 113
}