{
    "mse_lif": 5.546763713937253e-05,
    "mse_dyna": 2.208582009188831e-05
}