{
    "timescale": 0.7,
    "testnums": 50,
    "lif_mean": 7.500881474697962e-05,
    "lif_std": 8.271725528175011e-05,
    "dyna_mean": 4.2613195546437055e-05,
    "dyna_std": 3.392029975657351e-05
}