{
    "max": {
        "target_x": 0.01758690016994119,
        "target_y": 0.026380350254918403
    },
    "min": {
        "target_x": -0.017586900169951125,
        "target_y": -0.0263803502549265
    }
}