{
    "timescale": 0.2,
    "testnums": 50,
    "lif_mean": 0.0003296029462944716,
    "lif_std": 0.0008759948541410267,
    "dyna_mean": 3.16756522806827e-05,
    "dyna_std": 3.659170033643022e-05
}