{
    "timescale": 0.8,
    "testnums": 50,
    "lif_mean": 2.72381857939763e-05,
    "lif_std": 2.7553114705369808e-05,
    "dyna_mean": 1.7502208720543422e-05,
    "dyna_std": 1.716293627396226e-05
}