{
    "timescale": 6.0,
    "testnums": 50,
    "lif_mean": 0.00190549879334867,
    "lif_std": 0.0032584976870566607,
    "dyna_mean": 7.237433601403609e-05,
    "dyna_std": 4.292483936296776e-05
}