{
    "max": {
        "target_x": 0.006595087690558776,
        "target_y": 0.0109946095645086
    },
    "min": {
        "target_x": -0.006595127949232227,
        "target_y": -0.0109946580147217
    }
}