{
    "timescale": 7.0,
    "testnums": 50,
    "lif_mean": 3.8316924474202096e-05,
    "lif_std": 6.223641685210168e-05,
    "dyna_mean": 3.704543360072421e-06,
    "dyna_std": 5.089879323350033e-06
}