{
    "timescale": 0.7,
    "testnums": 50,
    "lif_mean": 0.009955920279026031,
    "lif_std": 0.01854885369539261,
    "dyna_mean": 0.015517957508563995,
    "dyna_std": 0.018832867965102196
}