{
    "timescale": 0.8,
    "testnums": 50,
    "lif_mean": 0.0031444437336176634,
    "lif_std": 0.0037746785674244165,
    "dyna_mean": 0.0019763708114624023,
    "dyna_std": 0.0020587570033967495
}