{
    "timescale": 7.0,
    "testnums": 50,
    "lif_mean": 0.0014966437593102455,
    "lif_std": 0.002739597810432315,
    "dyna_mean": 0.00015374696522485465,
    "dyna_std": 0.00023035633785184473
}