{
    "timescale": 2.0,
    "testnums": 2,
    "lif_mean": 1.380162530040252e-06,
    "lif_std": 3.5686468891071854e-08,
    "dyna_mean": 3.4669991322289206e-09,
    "dyna_std": 1.3301990620107063e-09
}