{
    "mse_lif": 6.763683632016182e-05,
    "mse_dyna": 1.077214164979523e-05
}