{
    "timescale": 0.4,
    "testnums": 50,
    "lif_mean": 8.23135269456543e-05,
    "lif_std": 7.225483568618074e-05,
    "dyna_mean": 0.00010340817971155047,
    "dyna_std": 0.00011974412336712703
}