{
    "timescale": 0.5,
    "testnums": 50,
    "lif_mean": 0.0018381440313532948,
    "lif_std": 0.002428955864161253,
    "dyna_mean": 0.00033566486672498286,
    "dyna_std": 0.0003234084870200604
}