{
    "mean": 0.8333333333333334,
    "std": 0.05103103630798288
}