{
    "timescale": 0.2,
    "testnums": 50,
    "lif_mean": 0.015116202645003796,
    "lif_std": 0.0139017878100276,
    "dyna_mean": 0.02067532017827034,
    "dyna_std": 0.018488751724362373
}