{
    "model": "dynamic-snn",
    "datatype": "gesture",
    "time-scale": 12,
    "mse_v_mean": 0.19804395735263824,
    "mse_v_std": 0.0,
    "mse_s_mean": 0.028821229934692383,
    "mse_s_std": 0.0
}