{
    "timescale": 10.0,
    "testnums": 50,
    "lif_mean": 0.003708598669618368,
    "lif_std": 0.004895991180092096,
    "dyna_mean": 0.00012711035378742963,
    "dyna_std": 5.44492359040305e-05
}