{
    "mse_lif": 0.0007898317999206483,
    "mse_dyna": 2.558001142460853e-05
}