{
    "timescale": 4.0,
    "testnums": 50,
    "lif_mean": 0.008906012400984764,
    "lif_std": 0.008717178367078304,
    "dyna_mean": 0.0019583082757890224,
    "dyna_std": 0.0015445123426616192
}