{
    "timescale": 0.3,
    "testnums": 50,
    "lif_mean": 2.215725544374436e-05,
    "lif_std": 2.312355900357943e-05,
    "dyna_mean": 3.118178210570477e-05,
    "dyna_std": 3.9285398088395596e-05
}