{
    "timescale": 0.3,
    "testnums": 50,
    "lif_mean": 6.356100584525848e-06,
    "lif_std": 1.0145486157853156e-05,
    "dyna_mean": 6.719203611282865e-07,
    "dyna_std": 2.247810016342555e-06
}