{
    "mean": 0.008332464378327131,
    "std": 0.0005149332266247546,
    "epoch": 199
}