{
    "max": {
        "joint0": -1.436036427595467,
        "joint1": -1.0356336241965398,
        "joint2": 2.4182144531856453,
        "joint3": -1.7735481141553229,
        "joint4": -1.5707963267948963,
        "joint5": 0.1347667718869069
    },
    "min": {
        "joint0": -2.302312355490314,
        "joint1": -2.0557451597631067,
        "joint2": 1.3698271472248122,
        "joint3": -2.0709812428726675,
        "joint4": -1.571094969776348,
        "joint5": -0.7315160286954177
    }
}