{
    "mean": 0.0386755745857954,
    "std": 0.002734073503612067,
    "epoch": 199
}