{
    "timescale": 0.8,
    "testnums": 50,
    "lif_mean": 6.118948658695444e-05,
    "lif_std": 0.00011606177577050403,
    "dyna_mean": 3.799111436819658e-05,
    "dyna_std": 5.943426367593929e-05
}