{
    "mse_lif": 4.728127896669321e-05,
    "mse_dyna": 5.3461926654563285e-06
}