{
    "mse_lif": 2.3008738935459405e-05,
    "mse_dyna": 1.282216817344306e-05
}