{
    "timescale": 2.0,
    "testnums": 50,
    "lif_mean": 0.0009054352412931621,
    "lif_std": 0.0010784869082272053,
    "dyna_mean": 0.003666139207780361,
    "dyna_std": 0.005193603225052357
}