{
    "mse_lif": 4.425033330335282e-05,
    "mse_dyna": 2.566296188888373e-07
}