{
    "mse_lif": 0.0006998542812652886,
    "mse_dyna": 0.0006644459208473563
}