{
    "timescale": 0.4,
    "testnums": 50,
    "lif_mean": 6.632221811742056e-06,
    "lif_std": 6.716429652442457e-06,
    "dyna_mean": 2.307536306034308e-06,
    "dyna_std": 3.5380178360355785e-06
}