{
    "timescale": 0.9,
    "testnums": 50,
    "lif_mean": 0.009353749454021454,
    "lif_std": 0.005556304939091206,
    "dyna_mean": 0.00877609197050333,
    "dyna_std": 0.004988505505025387
}