{
    "mse_lif": 0.0009539693128317595,
    "mse_dyna": 1.4917197859176667e-06
}