{
    "timescale": 0.6,
    "testnums": 50,
    "lif_mean": 0.0016874304274097085,
    "lif_std": 0.004183598794043064,
    "dyna_mean": 0.0011174397077411413,
    "dyna_std": 0.0026069406885653734
}