{
    "mse_lif": 8.494806388625875e-05,
    "mse_dyna": 2.8175431907584425e-06
}