{
    "timescale": 0.7,
    "testnums": 50,
    "lif_mean": 2.1956377167953178e-05,
    "lif_std": 4.775224078912288e-05,
    "dyna_mean": 9.920884622260928e-06,
    "dyna_std": 1.2200132005091291e-05
}