{
    "timescale": 0.7,
    "testnums": 50,
    "lif_mean": 2.2416311367123853e-06,
    "lif_std": 4.3856616684934124e-06,
    "dyna_mean": 9.546951105221524e-07,
    "dyna_std": 2.198018137278268e-06
}