{
    "timescale": 3.0,
    "testnums": 50,
    "lif_mean": 0.002286969916895032,
    "lif_std": 0.006997229065746069,
    "dyna_mean": 0.00047887852997519076,
    "dyna_std": 0.0013733928790315986
}