{
    "timescale": 4.0,
    "testnums": 50,
    "lif_mean": 0.0006003841990604997,
    "lif_std": 0.0016418728046119213,
    "dyna_mean": 5.7306890084873885e-05,
    "dyna_std": 6.66854830342345e-05
}