{
    "mse_lif": 0.0010184950660914183,
    "mse_dyna": 0.00015675764007028192
}