{
    "mse_lif": 3.832651418633759e-05,
    "mse_dyna": 2.5782359443837777e-05
}