{
    "timescale": 6.0,
    "testnums": 50,
    "lif_mean": 0.0014691459946334362,
    "lif_std": 0.002732735825702548,
    "dyna_mean": 8.238785085268319e-05,
    "dyna_std": 8.97646023076959e-05
}