{
    "timescale": 10.0,
    "testnums": 50,
    "lif_mean": 0.0017411409644410014,
    "lif_std": 0.004827153403311968,
    "dyna_mean": 0.00017866930284071714,
    "dyna_std": 0.0003801377024501562
}