{
    "timescale": 0.6,
    "testnums": 50,
    "lif_mean": 0.003946003969758749,
    "lif_std": 0.007232229225337505,
    "dyna_mean": 0.003143505658954382,
    "dyna_std": 0.005720311310142279
}