{
    "timescale": 0.5,
    "testnums": 50,
    "lif_mean": 0.007439491339027882,
    "lif_std": 0.004749825689941645,
    "dyna_mean": 0.013450575061142445,
    "dyna_std": 0.011717954650521278
}