{
    "model": "snn",
    "datatype": "gesture",
    "time-scale": 14,
    "mse_v_mean": 2.695320427417755,
    "mse_v_std": 0.03714562900579317,
    "mse_s_mean": 0.11711833253502846,
    "mse_s_std": 0.001147809480558149
}