{
    "mse_lif": 0.005413205362856388,
    "mse_dyna": 0.005609696730971336
}