{
    "mse_lif": 2.0583418518071994e-05,
    "mse_dyna": 3.295618000720424e-07
}