{
    "mean": 0.6319444444444444,
    "std": 0.1018255437403832
}