{
    "timescale": 3.0,
    "testnums": 50,
    "lif_mean": 0.0004046370158903301,
    "lif_std": 0.0008429249282926321,
    "dyna_mean": 1.7276301150559448e-05,
    "dyna_std": 1.6072419384727255e-05
}