{
    "mean": 0.04983094008639455,
    "std": 0.0022875744428153275,
    "epoch": 192
}