{
    "timescale": 0.4,
    "testnums": 50,
    "lif_mean": 2.36641844821861e-05,
    "lif_std": 2.270701043016743e-05,
    "dyna_mean": 2.3265953132067807e-05,
    "dyna_std": 2.8107460821047425e-05
}