{
    "timescale": 0.4,
    "testnums": 50,
    "lif_mean": 5.046964361099526e-06,
    "lif_std": 8.019182132557034e-06,
    "dyna_mean": 6.696216132695554e-07,
    "dyna_std": 1.9007153468919569e-06
}