{
    "timescale": 0.3,
    "testnums": 50,
    "lif_mean": 7.035430371615803e-06,
    "lif_std": 7.562224254797911e-06,
    "dyna_mean": 1.8396742689219536e-06,
    "dyna_std": 3.6956037092750194e-06
}