{
    "mse_lif": 1.7200447473442182e-05,
    "mse_dyna": 2.0963764200132573e-06
}