{
    "timescale": 0.4,
    "testnums": 50,
    "lif_mean": 0.006855398416519165,
    "lif_std": 0.009916678071022034,
    "dyna_mean": 0.0014238809235394,
    "dyna_std": 0.001551627996377647
}