{
    "timescale": 0.4,
    "testnums": 50,
    "lif_mean": 0.01602397859096527,
    "lif_std": 0.03312721103429794,
    "dyna_mean": 0.01817624643445015,
    "dyna_std": 0.026418745517730713
}