{
    "timescale": 0.8,
    "testnums": 50,
    "lif_mean": 5.759929626947269e-05,
    "lif_std": 0.00011472300684545189,
    "dyna_mean": 3.5538101656129584e-05,
    "dyna_std": 6.096480865380727e-05
}