{
    "timescale": 0.9,
    "testnums": 50,
    "lif_mean": 4.497429472394288e-06,
    "lif_std": 7.431136964441976e-06,
    "dyna_mean": 3.4628144476300804e-06,
    "dyna_std": 6.03683702138369e-06
}