{
    "timescale": 0.8,
    "testnums": 50,
    "lif_mean": 2.5536150133120827e-05,
    "lif_std": 3.097402077401057e-05,
    "dyna_mean": 1.6494112060172483e-05,
    "dyna_std": 1.5722487660241313e-05
}