{
    "timescale": 0.1,
    "testnums": 10,
    "lif_mean": 0.00014297566667664796,
    "lif_std": 0.0001657614193391055,
    "dyna_mean": 3.156880848109722e-05,
    "dyna_std": 3.0430732294917107e-05
}