{
    "timescale": 6.0,
    "testnums": 10,
    "lif_mean": 2.9359760446823202e-05,
    "lif_std": 3.300117532489821e-05,
    "dyna_mean": 2.4709033823455684e-06,
    "dyna_std": 3.36021616931248e-06
}