{
    "timescale": 3.0,
    "testnums": 10,
    "lif_mean": 2.5277764507336542e-05,
    "lif_std": 2.5919864128809422e-05,
    "dyna_mean": 7.2078646553563885e-06,
    "dyna_std": 1.0587058568489738e-05
}