{
    "timescale": 10.0,
    "testnums": 10,
    "lif_mean": 0.00020092497288715094,
    "lif_std": 0.000487558456370607,
    "dyna_mean": 3.988720436609583e-06,
    "dyna_std": 6.229818609426729e-06
}