{
    "timescale": 8.0,
    "testnums": 10,
    "lif_mean": 2.3827564291423187e-05,
    "lif_std": 2.824551847879775e-05,
    "dyna_mean": 3.4564868656161707e-06,
    "dyna_std": 2.7781279641203582e-06
}