{
    "timescale": 7.0,
    "testnums": 10,
    "lif_mean": 6.071774407701014e-07,
    "lif_std": 3.7331547053713794e-10,
    "dyna_mean": 6.070756739973148e-07,
    "dyna_std": 2.8334250848049423e-10
}