{
    "timescale": 0.8,
    "testnums": 10,
    "lif_mean": 8.514385262969881e-05,
    "lif_std": 0.00011482106492621824,
    "dyna_mean": 5.996041727485135e-05,
    "dyna_std": 7.297261618077755e-05
}