{
    "timescale": 2.0,
    "testnums": 10,
    "lif_mean": 2.279872387589421e-05,
    "lif_std": 2.341862636967562e-05,
    "dyna_mean": 3.223607563995756e-06,
    "dyna_std": 3.2297671168635134e-06
}