{
    "mean": 0.9097222222222222,
    "std": 0.09133990581920769,
    "epoch": 568
}