{
    "mean": 0.0068626982780794306,
    "std": 0.0005777418796918737,
    "epoch": 58
}