{
    "mean": 0.004679742113997539,
    "std": 0.00048585119378288723,
    "epoch": 148
}