{
    "timescale": 0.3,
    "testnums": 50,
    "lif_mean": 0.014121327549219131,
    "lif_std": 0.015169828198850155,
    "dyna_mean": 0.0021019873674958944,
    "dyna_std": 0.0019311105133965611
}