{
    "timescale": 5.0,
    "testnums": 50,
    "lif_mean": 5.788967609987594e-05,
    "lif_std": 0.00010726298205554485,
    "dyna_mean": 5.058938768343069e-06,
    "dyna_std": 8.54130666994024e-06
}