{
    "mse_lif": 0.003651979146525264,
    "mse_dyna": 0.00013003265485167503
}