{
    "timescale": 10.0,
    "testnums": 50,
    "lif_mean": 7.622717384947464e-05,
    "lif_std": 0.00017161347204819322,
    "dyna_mean": 5.957213033980224e-06,
    "dyna_std": 1.1095283298345748e-05
}