{
    "timescale": 9.0,
    "testnums": 50,
    "lif_mean": 0.0022195137571543455,
    "lif_std": 0.0028113580774515867,
    "dyna_mean": 8.636603160994127e-05,
    "dyna_std": 5.1053848437732086e-05
}