{
    "mse_lif": 0.005169782321900129,
    "mse_dyna": 0.005169782321900129
}