{
    "timescale": 0.1,
    "testnums": 50,
    "lif_mean": 0.00960223563015461,
    "lif_std": 0.009174183942377567,
    "dyna_mean": 0.0019580901134759188,
    "dyna_std": 0.0018352656625211239
}