{
    "timescale": 6.0,
    "testnums": 50,
    "lif_mean": 0.0004215641238261014,
    "lif_std": 0.0007264742162078619,
    "dyna_mean": 1.5927509593893774e-05,
    "dyna_std": 1.422369314241223e-05
}