{
    "timescale": 6.0,
    "testnums": 50,
    "lif_mean": 5.064228025730699e-05,
    "lif_std": 9.089197556022555e-05,
    "dyna_mean": 2.722172894209507e-06,
    "dyna_std": 3.6535668641590746e-06
}