{
    "model": "snn",
    "datatype": "gesture",
    "time-scale": 6,
    "mse_v_mean": 2.6182911694049835,
    "mse_v_std": 0.05086311914698121,
    "mse_s_mean": 0.10269916523247957,
    "mse_s_std": 0.000489789078126639
}