{
    "mse_lif": 1.6745883840485476e-05,
    "mse_dyna": 5.689441422873642e-06
}