{
    "mse_lif": 2.1188855043874355e-06,
    "mse_dyna": 4.00377375697758e-09
}