{
    "mean": 0.809375,
    "std": 0.11284668803292368,
    "epoch": 374
}