{
    "mean": 0.478125,
    "std": 0.05284854539152426,
    "epoch": 1
}