{
    "mse_lif": 0.0012061460874974728,
    "mse_dyna": 0.0012061460874974728
}