{
    "mse_lif": 8.012122270883992e-05,
    "mse_dyna": 1.133259317498414e-07
}