{
    "timescale": 6.0,
    "testnums": 50,
    "lif_mean": 0.0014806088292971253,
    "lif_std": 0.003798919729888439,
    "dyna_mean": 0.0001652751670917496,
    "dyna_std": 0.0003378346737008542
}