{
    "timescale": 4.0,
    "testnums": 50,
    "lif_mean": 9.59005319600692e-07,
    "lif_std": 2.2263491246121703e-06,
    "dyna_mean": 1.3177887581150571e-07,
    "dyna_std": 3.265610928337992e-07
}