{
    "timescale": 0.3,
    "testnums": 50,
    "lif_mean": 0.006382772233337164,
    "lif_std": 0.007776235695928335,
    "dyna_mean": 0.0011096158996224403,
    "dyna_std": 0.0007949851569719613
}