{
    "mse_lif": 2.356862933083903e-05,
    "mse_dyna": 4.921690106129972e-06
}