{
    "timescale": 0.4,
    "testnums": 50,
    "lif_mean": 0.0006110467948019505,
    "lif_std": 0.0006764436839148402,
    "dyna_mean": 0.0005104518495500088,
    "dyna_std": 0.0005784696550108492
}