{
    "mse_lif": 2.884072091546841e-05,
    "mse_dyna": 1.7848675270215608e-05
}