{
    "mse_lif": 1.340643848379841e-05,
    "mse_dyna": 4.6852571244926366e-07
}