{
    "timescale": 0.9,
    "testnums": 50,
    "lif_mean": 0.002305545611307025,
    "lif_std": 0.003336456837132573,
    "dyna_mean": 0.00202693953178823,
    "dyna_std": 0.0029058202635496855
}