{
    "timescale": 0.3,
    "testnums": 50,
    "lif_mean": 1.0718408702814486e-05,
    "lif_std": 1.6499749108334072e-05,
    "dyna_mean": 1.0176993328059325e-06,
    "dyna_std": 1.8994377342096413e-06
}