{
    "timescale": 9.0,
    "testnums": 50,
    "lif_mean": 0.00536866020411253,
    "lif_std": 0.006226320285350084,
    "dyna_mean": 0.0001230500784004107,
    "dyna_std": 6.968887464608997e-05
}