{
    "timescale": 5.0,
    "testnums": 50,
    "lif_mean": 0.004942201543599367,
    "lif_std": 0.0062692053616046906,
    "dyna_mean": 0.00013195387145970017,
    "dyna_std": 6.401388964150101e-05
}