{
    "timescale": 0.2,
    "testnums": 50,
    "lif_mean": 0.008097488433122635,
    "lif_std": 0.012230869382619858,
    "dyna_mean": 0.0011886234860867262,
    "dyna_std": 0.0013399651506915689
}