{
    "timescale": 4.0,
    "testnums": 50,
    "lif_mean": 0.0018946774071082473,
    "lif_std": 0.0025291130878031254,
    "dyna_mean": 0.03923535719513893,
    "dyna_std": 0.06004294008016586
}