{
    "timescale": 8.0,
    "testnums": 50,
    "lif_mean": 0.004173389170318842,
    "lif_std": 0.00398483220487833,
    "dyna_mean": 0.00012994668213650584,
    "dyna_std": 6.143375503597781e-05
}