{
    "timescale": 0.2,
    "testnums": 50,
    "lif_mean": 0.00015424816228915006,
    "lif_std": 0.0002023328561335802,
    "dyna_mean": 0.0005930818733759224,
    "dyna_std": 0.0013357233256101608
}