{
    "mse_lif": 0.011150398291647434,
    "mse_dyna": 0.0003685479168780148
}