{
    "timescale": 0.3,
    "testnums": 50,
    "lif_mean": 0.006539145018905401,
    "lif_std": 0.008490674197673798,
    "dyna_mean": 0.0011583489831537008,
    "dyna_std": 0.0010301894508302212
}