{
    "mse_lif": 3.964935604017228e-05,
    "mse_dyna": 3.656750050140545e-05
}