{
    "timescale": 0.2,
    "testnums": 50,
    "lif_mean": 2.1927931811660528e-05,
    "lif_std": 2.292828321515117e-05,
    "dyna_mean": 4.323528992244974e-05,
    "dyna_std": 7.444673246936873e-05
}