{
    "timescale": 8.0,
    "testnums": 50,
    "lif_mean": 9.427817531104665e-07,
    "lif_std": 3.4858508115576115e-06,
    "dyna_mean": 6.090547799431079e-08,
    "dyna_std": 1.4753720734006492e-07
}