{
    "timescale": 8.0,
    "testnums": 50,
    "lif_mean": 6.67692074785009e-05,
    "lif_std": 0.00012121789768571034,
    "dyna_mean": 3.0060512017371366e-06,
    "dyna_std": 4.413614988152403e-06
}