{
    "timescale": 0.9,
    "testnums": 50,
    "lif_mean": 0.0028431781101971865,
    "lif_std": 0.0029017983470112085,
    "dyna_mean": 0.002211245708167553,
    "dyna_std": 0.002111522713676095
}