{
    "timescale": 3.0,
    "testnums": 50,
    "lif_mean": 5.024623987992527e-06,
    "lif_std": 8.585253453929909e-06,
    "dyna_mean": 1.0039132547490226e-07,
    "dyna_std": 2.8087842451895995e-07
}