{
    "timescale": 0.1,
    "testnums": 50,
    "lif_mean": 0.019633136689662933,
    "lif_std": 0.034987110644578934,
    "dyna_mean": 0.003986964467912912,
    "dyna_std": 0.005279112607240677
}