{
    "mse_lif": 0.00015631053247489035,
    "mse_dyna": 1.8495829579023848e-07
}