{
    "mse_lif": 1.1005097803717945e-05,
    "mse_dyna": 1.1023920706065837e-05
}