{
    "timescale": 6.0,
    "testnums": 50,
    "lif_mean": 6.054737605154514e-05,
    "lif_std": 0.00010978070349665359,
    "dyna_mean": 3.0298140245577088e-06,
    "dyna_std": 3.752091970454785e-06
}