{
    "timescale": 6.0,
    "testnums": 50,
    "lif_mean": 2.2744482066627825e-06,
    "lif_std": 6.903950179548701e-06,
    "dyna_mean": 2.170787354316417e-07,
    "dyna_std": 4.585947976920579e-07
}