{
    "timescale": 7.0,
    "testnums": 50,
    "lif_mean": 0.022709645330905914,
    "lif_std": 0.020610440522432327,
    "dyna_mean": 2.5475611686706543,
    "dyna_std": 2.810025691986084
}