{
    "timescale": 6.0,
    "testnums": 50,
    "lif_mean": 0.017134075984358788,
    "lif_std": 0.01526368036866188,
    "dyna_mean": 1.2052967548370361,
    "dyna_std": 1.5340362787246704
}