{
    "timescale": 0.1,
    "testnums": 50,
    "lif_mean": 5.16064483235823e-06,
    "lif_std": 7.95977030065842e-06,
    "dyna_mean": 3.006385441040038e-06,
    "dyna_std": 4.584924226946896e-06
}