{
    "timescale": 10.0,
    "testnums": 50,
    "lif_mean": 0.0038081835955381393,
    "lif_std": 0.004065853077918291,
    "dyna_mean": 0.00013620215759146959,
    "dyna_std": 6.209790444700047e-05
}