{
    "timescale": 8.0,
    "testnums": 50,
    "lif_mean": 0.004659819416701794,
    "lif_std": 0.006829255260527134,
    "dyna_mean": 0.00013499292253982276,
    "dyna_std": 6.474252586485818e-05
}