{
    "timescale": 2.0,
    "testnums": 50,
    "lif_mean": 0.00054877286311239,
    "lif_std": 0.0013392450055107474,
    "dyna_mean": 6.256594497244805e-05,
    "dyna_std": 0.00010544298856984824
}