{
    "mse_lif": 0.00028044250211678445,
    "mse_dyna": 2.7085306442131696e-07
}