{
    "timescale": 5.0,
    "testnums": 50,
    "lif_mean": 0.016503075137734413,
    "lif_std": 0.013815593905746937,
    "dyna_mean": 0.7784380316734314,
    "dyna_std": 0.8907960653305054
}