{
    "mean": 0.6770833333333334,
    "std": 0.06588078458684124,
    "epoch": 597
}