{
    "timescale": 0.4,
    "testnums": 50,
    "lif_mean": 0.0006211245781742036,
    "lif_std": 0.0005109388730488718,
    "dyna_mean": 0.00045890998444519937,
    "dyna_std": 0.0005980734713375568
}