{
    "mean": 0.8368055555555556,
    "std": 0.08933805784908755
}