{
    "mean": 0.00552524933591485,
    "std": 0.00047170907644330097,
    "epoch": 158
}