{
    "timescale": 0.7,
    "testnums": 50,
    "lif_mean": 0.009523742832243443,
    "lif_std": 0.0065681422129273415,
    "dyna_mean": 0.010201576165854931,
    "dyna_std": 0.007850020192563534
}