{
    "timescale": 0.1,
    "testnums": 50,
    "lif_mean": 7.090628059813753e-06,
    "lif_std": 8.858337423589546e-06,
    "dyna_mean": 6.038605988578638e-07,
    "dyna_std": 1.3591943570645526e-06
}