{
    "timescale": 7.0,
    "testnums": 50,
    "lif_mean": 0.0034928584937006235,
    "lif_std": 0.004185786470770836,
    "dyna_mean": 0.20616942644119263,
    "dyna_std": 0.2447039633989334
}