{
    "model": "dynamic-snn",
    "datatype": "gesture",
    "time-scale": 5,
    "mse_v_mean": 0.12693467736244202,
    "mse_v_std": 0.0,
    "mse_s_mean": 0.11764848232269287,
    "mse_s_std": 0.0
}