{
    "mse_lif": 0.00010259072587359697,
    "mse_dyna": 1.506369926573825e-07
}