{
    "mse_lif": 2.114487870130688e-05,
    "mse_dyna": 9.460988081855248e-08
}