{
    "mse_lif": 0.0002319809573236853,
    "mse_dyna": 8.408387657254934e-06
}