{
    "timescale": 6.0,
    "testnums": 50,
    "lif_mean": 0.0037578174378722906,
    "lif_std": 0.009689104743301868,
    "dyna_mean": 0.00036778271896764636,
    "dyna_std": 0.0008659736486151814
}