{
    "timescale": 2.0,
    "testnums": 50,
    "lif_mean": 0.0006908787763677537,
    "lif_std": 0.0007716753170825541,
    "dyna_mean": 5.3686057071899995e-05,
    "dyna_std": 2.6893021640717052e-05
}