{
    "mse_lif": 0.00999163556843996,
    "mse_dyna": 0.009991636499762535
}