{
    "timescale": 0.4,
    "testnums": 50,
    "lif_mean": 9.995350410463288e-05,
    "lif_std": 0.0001427630486432463,
    "dyna_mean": 0.0001355340937152505,
    "dyna_std": 0.00019370121299289167
}