{
    "timescale": 2.0,
    "testnums": 50,
    "lif_mean": 0.00065155781339854,
    "lif_std": 0.00046856061089783907,
    "dyna_mean": 0.002103183651342988,
    "dyna_std": 0.002714040456339717
}