{
    "mse_lif": 0.0003319704264868051,
    "mse_dyna": 2.779692920285015e-07
}