{
    "mse_lif": 0.01810266077518463,
    "mse_dyna": 0.018102658912539482
}