{
    "mean": 0.007037034537643194,
    "std": 0.00038012454303168556,
    "epoch": 196
}