{
    "timescale": 6.0,
    "testnums": 50,
    "lif_mean": 0.0006325526046566665,
    "lif_std": 0.0011356428731232882,
    "dyna_mean": 2.127856896549929e-05,
    "dyna_std": 2.1170211766730063e-05
}