{
    "mse_lif": 2.196114292019047e-05,
    "mse_dyna": 1.2488821710121556e-07
}