{
    "timescale": 10.0,
    "testnums": 50,
    "lif_mean": 0.01643405854701996,
    "lif_std": 0.013928858563303947,
    "dyna_mean": 3.8407392501831055,
    "dyna_std": 5.323910236358643
}