{
    "timescale": 0.3,
    "testnums": 50,
    "lif_mean": 0.00011447633733041584,
    "lif_std": 0.0001138172228820622,
    "dyna_mean": 0.00024452581419609487,
    "dyna_std": 0.00026471150340512395
}