{
    "timescale": 0.3,
    "testnums": 50,
    "lif_mean": 7.40510004106909e-05,
    "lif_std": 0.00010855551226995885,
    "dyna_mean": 1.5250469914462883e-05,
    "dyna_std": 1.7160349671030417e-05
}