{
    "timescale": 4.0,
    "testnums": 50,
    "lif_mean": 3.346917583257891e-05,
    "lif_std": 6.23908854322508e-05,
    "dyna_mean": 2.887981509047677e-06,
    "dyna_std": 3.265244231442921e-06
}