{
    "mean": 0.005525932647287846,
    "std": 0.00018007623995220577,
    "epoch": 197
}