{
    "mean": 0.005463645048439503,
    "std": 0.00018562651471461255,
    "epoch": 194
}