{
    "timescale": 3.0,
    "testnums": 50,
    "lif_mean": 3.618814662331715e-05,
    "lif_std": 5.449427044368349e-05,
    "dyna_mean": 2.3639258870389313e-06,
    "dyna_std": 2.852900706784567e-06
}