{
    "timescale": 3.0,
    "testnums": 50,
    "lif_mean": 4.3897279056182015e-07,
    "lif_std": 1.7598256363271503e-06,
    "dyna_mean": 3.577980933755498e-08,
    "dyna_std": 1.2074029598352354e-07
}