{
    "timescale": 7.0,
    "testnums": 50,
    "lif_mean": 2.4579474484198727e-05,
    "lif_std": 3.839072451228276e-05,
    "dyna_mean": 3.0878570669301553e-06,
    "dyna_std": 4.67217569166678e-06
}