{
    "timescale": 0.2,
    "testnums": 50,
    "lif_mean": 0.009398069232702255,
    "lif_std": 0.01145048439502716,
    "dyna_mean": 0.0018517742864787579,
    "dyna_std": 0.002022580476477742
}