{
    "mse_lif": 0.013949781656265259,
    "mse_dyna": 0.0009146741358563304
}