{
    "timescale": 0.5,
    "testnums": 50,
    "lif_mean": 0.00233528227545321,
    "lif_std": 0.0024677987676113844,
    "dyna_mean": 0.00042533804662525654,
    "dyna_std": 0.0003382614522706717
}