{
    "timescale": 7.0,
    "testnums": 50,
    "lif_mean": 0.0022603627294301987,
    "lif_std": 0.002768112113699317,
    "dyna_mean": 0.1632024049758911,
    "dyna_std": 0.2305305451154709
}