{
    "mse_lif": 3.316288348287344e-05,
    "mse_dyna": 3.006293880503108e-08
}