{
    "mse_lif": 1.1634662655524153e-07,
    "mse_dyna": 1.118218989626385e-10
}