{
    "mse_lif": 3.339943941682577e-05,
    "mse_dyna": 1.4233511137717869e-05
}