{
    "model": "model_epoch_200.pth",
    "mean": 0.8194444444444444,
    "std": 0.08687497224442225
}