{
    "mean": 0.6736111111111112,
    "std": 0.1552824984374854
}