{
    "mean": 0.8541666666666666,
    "std": 0.08333333333333333,
    "epoch": 286
}