{
    "timescale": 2.0,
    "testnums": 50,
    "lif_mean": 1.5088303371157963e-05,
    "lif_std": 1.499118752690265e-05,
    "dyna_mean": 1.447990598535398e-06,
    "dyna_std": 1.6956095123532577e-06
}