{
    "timescale": 0.9,
    "testnums": 50,
    "lif_mean": 0.0004969459259882569,
    "lif_std": 0.0004934092867188156,
    "dyna_mean": 0.00044586643343791366,
    "dyna_std": 0.00039774327888153493
}