{
    "model": "snn",
    "datatype": "gesture",
    "time-scale": 14,
    "mse_v_mean": 35.669833183288574,
    "mse_v_std": 0.3970289368227025,
    "mse_s_mean": 0.107933783903718,
    "mse_s_std": 0.0005148910335294567
}