{
    "timescale": 4.0,
    "testnums": 50,
    "lif_mean": 0.001649057725444436,
    "lif_std": 0.00391045305877924,
    "dyna_mean": 0.0002066934248432517,
    "dyna_std": 0.0004148304578848183
}