{
    "mean": 0.8749999999999999,
    "std": 0.06786395932531968,
    "epoch": 101
}