{
    "mean": 0.721875,
    "std": 0.0840851502942107,
    "epoch": 306
}