{
    "timescale": 0.9,
    "testnums": 50,
    "lif_mean": 7.515610923292115e-05,
    "lif_std": 4.9820660933619365e-05,
    "dyna_mean": 6.090155875426717e-05,
    "dyna_std": 3.862183075398207e-05
}