{
    "timescale": 0.9,
    "testnums": 50,
    "lif_mean": 7.970305159687996e-05,
    "lif_std": 5.189293369767256e-05,
    "dyna_mean": 6.423224840546027e-05,
    "dyna_std": 3.9794776967028156e-05
}