{
    "timescale": 0.7,
    "testnums": 50,
    "lif_mean": 6.797630339860916e-05,
    "lif_std": 4.966850610799156e-05,
    "dyna_mean": 3.164753798046149e-05,
    "dyna_std": 1.760365194058977e-05
}