{
    "timescale": 0.1,
    "testnums": 50,
    "lif_mean": 7.23641860531643e-05,
    "lif_std": 2.950709495053161e-05,
    "dyna_mean": 8.001923561096191e-05,
    "dyna_std": 6.446501356549561e-05
}