{
    "timescale": 1.0,
    "testnums": 50,
    "lif_mean": 3.0053986847633496e-05,
    "lif_std": 1.3878797290090006e-05,
    "dyna_mean": 2.9271554012666456e-05,
    "dyna_std": 1.3760274669039063e-05
}