{
    "timescale": 3.0,
    "testnums": 50,
    "lif_mean": 9.175981540465727e-05,
    "lif_std": 6.962763291085139e-05,
    "dyna_mean": 2.1200838091317564e-05,
    "dyna_std": 1.0348006981075741e-05
}