{
    "timescale": 3.0,
    "testnums": 50,
    "lif_mean": 9.448996570426971e-05,
    "lif_std": 0.00010704068699851632,
    "dyna_mean": 1.8831646229955368e-05,
    "dyna_std": 9.342512385046575e-06
}