{
    "timescale": 0.6,
    "testnums": 50,
    "lif_mean": 6.614295125473291e-05,
    "lif_std": 3.6875338992103934e-05,
    "dyna_mean": 2.8564863896463066e-05,
    "dyna_std": 1.6331099686794914e-05
}