{
    "timescale": 8.0,
    "testnums": 50,
    "lif_mean": 0.00015209241246338934,
    "lif_std": 0.00016277747636195272,
    "dyna_mean": 1.7989981643040664e-05,
    "dyna_std": 9.717204193293583e-06
}