{
    "timescale": 0.4,
    "testnums": 50,
    "lif_mean": 0.0001086802949430421,
    "lif_std": 7.863722566980869e-05,
    "dyna_mean": 3.197167825419456e-05,
    "dyna_std": 2.4554019546485506e-05
}