{
    "timescale": 0.8,
    "testnums": 50,
    "lif_mean": 8.272546983789653e-05,
    "lif_std": 6.966800719965249e-05,
    "dyna_mean": 4.921450454276055e-05,
    "dyna_std": 3.392585858819075e-05
}