{
    "timescale": 6.0,
    "testnums": 50,
    "lif_mean": 0.00015509624790865928,
    "lif_std": 0.00018270571308676153,
    "dyna_mean": 1.74667493411107e-05,
    "dyna_std": 8.743462785787415e-06
}