{
    "timescale": 5.0,
    "testnums": 50,
    "lif_mean": 0.00011928256571991369,
    "lif_std": 0.00014448222646024078,
    "dyna_mean": 1.5231442375807092e-05,
    "dyna_std": 9.875594514596742e-06
}