{
    "timescale": 0.2,
    "testnums": 50,
    "lif_mean": 0.00010951212607324123,
    "lif_std": 5.676112414221279e-05,
    "dyna_mean": 6.0896774812135845e-05,
    "dyna_std": 4.131062814849429e-05
}