{
    "timescale": 0.8,
    "testnums": 50,
    "lif_mean": 7.95772866695188e-05,
    "lif_std": 6.288168515311554e-05,
    "dyna_mean": 4.644959335564636e-05,
    "dyna_std": 2.9192951842560433e-05
}