{
    "timescale": 4.0,
    "testnums": 50,
    "lif_mean": 0.00010587979340925813,
    "lif_std": 9.81906705419533e-05,
    "dyna_mean": 1.9393681213841774e-05,
    "dyna_std": 1.0229852705379017e-05
}