{
    "timescale": 0.5,
    "testnums": 50,
    "lif_mean": 6.165596278151497e-05,
    "lif_std": 3.872618617606349e-05,
    "dyna_mean": 2.8685024517471902e-05,
    "dyna_std": 1.807717671908904e-05
}