{
    "timescale": 2.0,
    "testnums": 50,
    "lif_mean": 6.568999378941953e-05,
    "lif_std": 6.902345194248483e-05,
    "dyna_mean": 2.059835424006451e-05,
    "dyna_std": 9.754319762578234e-06
}