{
    "timescale": 0.5,
    "testnums": 50,
    "lif_mean": 7.017602911219001e-05,
    "lif_std": 4.7048702981555834e-05,
    "dyna_mean": 3.3755051845218986e-05,
    "dyna_std": 2.176923408114817e-05
}