{
    "timescale": 10.0,
    "testnums": 50,
    "lif_mean": 0.0001835316070355475,
    "lif_std": 0.00027140480233356357,
    "dyna_mean": 1.6897041859920137e-05,
    "dyna_std": 8.732093192520551e-06
}