{
    "timescale": 0.6,
    "testnums": 50,
    "lif_mean": 6.472851964645088e-05,
    "lif_std": 4.7289689973695204e-05,
    "dyna_mean": 2.4945697077782825e-05,
    "dyna_std": 1.5674384485464543e-05
}