{
    "timescale": 7.0,
    "testnums": 50,
    "lif_mean": 0.00015260458167176694,
    "lif_std": 0.00010670560004655272,
    "dyna_mean": 1.847384191933088e-05,
    "dyna_std": 7.86525197327137e-06
}