{
    "timescale": 5.0,
    "testnums": 50,
    "lif_mean": 0.00013826866052113473,
    "lif_std": 0.0001162401313195005,
    "dyna_mean": 2.071906601486262e-05,
    "dyna_std": 8.687116860528477e-06
}