{
    "timescale": 9.0,
    "testnums": 50,
    "lif_mean": 0.00015715649351477623,
    "lif_std": 0.00016333747771568596,
    "dyna_mean": 1.712948505883105e-05,
    "dyna_std": 7.170985099946847e-06
}