{
    "timescale": 0.1,
    "testnums": 50,
    "lif_mean": 8.562394214095548e-05,
    "lif_std": 4.680514757637866e-05,
    "dyna_mean": 0.00011721546616172418,
    "dyna_std": 0.0001237093674717471
}