{
    "timescale": 0.1,
    "testnums": 50,
    "lif_mean": 7.483483932446688e-05,
    "lif_std": 4.1430845158174634e-05,
    "dyna_mean": 9.293910261476412e-05,
    "dyna_std": 0.0001048668782459572
}