{
    "timescale": 0.8,
    "testnums": 50,
    "lif_mean": 7.96754757175222e-05,
    "lif_std": 6.150468834675848e-05,
    "dyna_mean": 4.814015846932307e-05,
    "dyna_std": 3.0631777917733416e-05
}