{
    "timescale": 0.4,
    "testnums": 50,
    "lif_mean": 7.574632036266848e-05,
    "lif_std": 4.394281859276816e-05,
    "dyna_mean": 2.6010880901594646e-05,
    "dyna_std": 1.9028817405342124e-05
}