{
    "timescale": 0.3,
    "testnums": 50,
    "lif_mean": 0.00011503976566018537,
    "lif_std": 6.295520142884925e-05,
    "dyna_mean": 3.995760198449716e-05,
    "dyna_std": 2.517854591133073e-05
}