{
    "timescale": 2.0,
    "testnums": 50,
    "lif_mean": 7.17429502401501e-05,
    "lif_std": 6.96468268870376e-05,
    "dyna_mean": 2.236152249679435e-05,
    "dyna_std": 1.1837480997201055e-05
}