{
    "timescale": 0.8,
    "testnums": 50,
    "lif_mean": 0.0005847208085469902,
    "lif_std": 0.0003777734818868339,
    "dyna_mean": 0.00046423572348430753,
    "dyna_std": 0.00030808159499429166
}