{
    "timescale": 8.0,
    "testnums": 50,
    "lif_mean": 4.636863377527334e-05,
    "lif_std": 7.101264054654166e-05,
    "dyna_mean": 2.8663782813964644e-06,
    "dyna_std": 3.870386080961907e-06
}