{
    "timescale": 8.0,
    "testnums": 50,
    "lif_mean": 8.46205068683048e-07,
    "lif_std": 3.1187319109449163e-06,
    "dyna_mean": 7.640061028268974e-08,
    "dyna_std": 2.1131340588453895e-07
}