{
    "mse_lif": 4.294222526368685e-05,
    "mse_dyna": 5.562852720686351e-07
}