{
    "timescale": 0.5,
    "testnums": 50,
    "lif_mean": 1.172590782516636e-05,
    "lif_std": 1.2622297617781442e-05,
    "dyna_mean": 1.0854535503312945e-05,
    "dyna_std": 1.4189217836246826e-05
}