{
    "timescale": 0.5,
    "testnums": 50,
    "lif_mean": 2.0825432329729665e-06,
    "lif_std": 4.133577476750361e-06,
    "dyna_mean": 2.814812489759788e-07,
    "dyna_std": 6.817261350988701e-07
}