{
    "timescale": 10.0,
    "testnums": 50,
    "lif_mean": 0.0013820145977661014,
    "lif_std": 0.002986082574352622,
    "dyna_mean": 7.181728142313659e-05,
    "dyna_std": 9.085187775781378e-05
}