{
    "timescale": 2.0,
    "testnums": 50,
    "lif_mean": 0.00020610967476386577,
    "lif_std": 0.00032337408629246056,
    "dyna_mean": 8.609084943600465e-06,
    "dyna_std": 8.054640602495056e-06
}