{
    "timescale": 3.0,
    "testnums": 50,
    "lif_mean": 0.012151787057518959,
    "lif_std": 0.014289733953773975,
    "dyna_mean": 0.0026992664206773043,
    "dyna_std": 0.002527276985347271
}