{
    "mean": 0.9131944444444444,
    "std": 0.09291033444624758,
    "epoch": 374
}