{
    "timescale": 7.0,
    "testnums": 50,
    "lif_mean": 0.0008891551988199353,
    "lif_std": 0.001593142980709672,
    "dyna_mean": 1.8244592865812592e-05,
    "dyna_std": 1.6419682651758194e-05
}