{
    "mse_lif": 0.0016744238091632724,
    "mse_dyna": 5.7358625781489536e-05
}