{
    "timescale": 0.9,
    "testnums": 50,
    "lif_mean": 0.004660473670810461,
    "lif_std": 0.006058845203369856,
    "dyna_mean": 0.003493193769827485,
    "dyna_std": 0.004389932379126549
}