{
    "timescale": 6.0,
    "testnums": 50,
    "lif_mean": 1.0736721378634684e-06,
    "lif_std": 2.9433781492116395e-06,
    "dyna_mean": 1.727089511405211e-07,
    "dyna_std": 6.40574000954075e-07
}