{
    "timescale": 6.0,
    "testnums": 50,
    "lif_mean": 8.605806942796335e-05,
    "lif_std": 0.00024454601225443184,
    "dyna_mean": 4.007818915852113e-06,
    "dyna_std": 4.807383902516449e-06
}