{
    "max": {
        "joint0": -1.2127488719800186,
        "joint1": -0.9554714109554522,
        "joint2": 2.312635274457388,
        "joint3": -1.5912373727310951,
        "joint4": -1.570796013171559,
        "joint5": 0.3580474548148761
    },
    "min": {
        "joint0": -2.583032373493877,
        "joint1": -1.8647051967019288,
        "joint2": 1.2400336357559187,
        "joint3": -2.070985655239966,
        "joint4": -1.5826134684260582,
        "joint5": -1.012236046698984
    }
}