{
    "timescale": 0.7,
    "testnums": 50,
    "lif_mean": 0.0004233058134559542,
    "lif_std": 0.00036752314190380275,
    "dyna_mean": 0.0003478250582702458,
    "dyna_std": 0.0002856606733985245
}