{
    "timescale": 3.0,
    "testnums": 50,
    "lif_mean": 0.0012654991587623954,
    "lif_std": 0.0016111595323309302,
    "dyna_mean": 7.486813410650939e-05,
    "dyna_std": 4.900421845377423e-05
}