{
    "mean": 0.8842592592592592,
    "std": 0.07771023301664129,
    "epoch": 91
}