{
    "timescale": 0.5,
    "testnums": 50,
    "lif_mean": 0.0006579186883755028,
    "lif_std": 0.00198329146951437,
    "dyna_mean": 0.00011055966751882806,
    "dyna_std": 0.0002662423939909786
}