{
    "timescale": 2.0,
    "testnums": 50,
    "lif_mean": 1.7748816389939748e-05,
    "lif_std": 2.792211489577312e-05,
    "dyna_mean": 1.3361719766180613e-06,
    "dyna_std": 1.542916038488329e-06
}