{
    "timescale": 0.7,
    "testnums": 50,
    "lif_mean": 0.004047953989356756,
    "lif_std": 0.0036340528167784214,
    "dyna_mean": 0.0018057514680549502,
    "dyna_std": 0.0014061344554647803
}