{
    "timescale": 0.6,
    "testnums": 50,
    "lif_mean": 0.0022651434410363436,
    "lif_std": 0.004143126308917999,
    "dyna_mean": 0.0014486185973510146,
    "dyna_std": 0.002559981308877468
}