{
    "timescale": 0.8,
    "testnums": 50,
    "lif_mean": 3.6050103062734706e-06,
    "lif_std": 9.657097507442813e-06,
    "dyna_mean": 1.9380288449610816e-06,
    "dyna_std": 5.034577952756081e-06
}