{
    "mean": 0.9027777777777778,
    "std": 0.08893228107545624,
    "epoch": 463
}