{
    "mse_lif": 0.0005611043306998909,
    "mse_dyna": 0.0005611043306998909
}