{
    "mean": 0.8263888888888888,
    "std": 0.12596081352234065,
    "epoch": 642
}