{
    "mean": 0.8333333333333334,
    "std": 0.12147816447594376,
    "epoch": 727
}