{
    "mean": 0.8194444444444444,
    "std": 0.11578702778147963,
    "epoch": 509
}