{
    "timescale": 0.8,
    "testnums": 50,
    "lif_mean": 0.0004957910859957337,
    "lif_std": 0.000393738184357062,
    "dyna_mean": 0.0003834158997051418,
    "dyna_std": 0.00025893517886288464
}