{
    "timescale": 0.5,
    "testnums": 50,
    "lif_mean": 0.0007401318289339542,
    "lif_std": 0.0012359721586108208,
    "dyna_mean": 0.0001449623377993703,
    "dyna_std": 0.0002149553911294788
}