{
    "mean": 0.8090277777777778,
    "std": 0.04280843057617345,
    "epoch": 143
}