{
    "mse_lif": 0.0026606954634189606,
    "mse_dyna": 0.0026606954634189606
}