{
    "timescale": 0.2,
    "testnums": 50,
    "lif_mean": 0.00012686295667663217,
    "lif_std": 0.00013097624469082803,
    "dyna_mean": 0.0004001713532488793,
    "dyna_std": 0.000516685948241502
}