{
    "timescale": 2.0,
    "testnums": 50,
    "lif_mean": 3.939985253964551e-05,
    "lif_std": 0.00011916218500118703,
    "dyna_mean": 1.7702440118227969e-06,
    "dyna_std": 2.029910774581367e-06
}