{
    "timescale": 2.0,
    "testnums": 50,
    "lif_mean": 4.2087447127414634e-07,
    "lif_std": 1.7808736174629303e-06,
    "dyna_mean": 3.602090714593942e-08,
    "dyna_std": 1.64379130751513e-07
}