{
    "timescale": 0.9,
    "testnums": 50,
    "lif_mean": 0.0005253818817436695,
    "lif_std": 0.0004270443459972739,
    "dyna_mean": 0.0004516167100518942,
    "dyna_std": 0.00034403635072521865
}