{
    "mse_lif": 3.613822264014743e-05,
    "mse_dyna": 4.509307771627391e-08
}