{
    "timescale": 0.1,
    "testnums": 50,
    "lif_mean": 4.09681615565205e-06,
    "lif_std": 8.060515028773807e-06,
    "dyna_mean": 2.764262774235249e-07,
    "dyna_std": 9.129543627750536e-07
}