{
    "timescale": 0.1,
    "testnums": 50,
    "lif_mean": 4.291441655368544e-06,
    "lif_std": 9.801165106182452e-06,
    "dyna_mean": 5.672629299624532e-07,
    "dyna_std": 3.2196837764786324e-06
}