{
    "timescale": 0.1,
    "testnums": 50,
    "lif_mean": 2.762258009170182e-05,
    "lif_std": 3.394030500203371e-05,
    "dyna_mean": 5.7941895647672936e-05,
    "dyna_std": 9.927585779223591e-05
}