{
    "timescale": 0.4,
    "testnums": 50,
    "lif_mean": 5.045654688728973e-06,
    "lif_std": 7.296809144463623e-06,
    "dyna_mean": 3.740378815564327e-07,
    "dyna_std": 9.947968919732375e-07
}