{
    "mse_lif": 0.0016693715006113052,
    "mse_dyna": 5.3009232942713425e-05
}