{
    "timescale": 5.0,
    "testnums": 50,
    "lif_mean": 0.0017927720909938216,
    "lif_std": 0.0030252193100750446,
    "dyna_mean": 7.043343794066459e-05,
    "dyna_std": 4.372914554551244e-05
}