{
    "mse_lif": 0.0012420181883499026,
    "mse_dyna": 1.3356871022551786e-06
}