{
    "mse_lif": 0.0008216243586502969,
    "mse_dyna": 4.4232319851289503e-07
}