{
    "timescale": 2.0,
    "testnums": 50,
    "lif_mean": 0.0008559732232242823,
    "lif_std": 0.0013665248407050967,
    "dyna_mean": 5.4914919019211084e-05,
    "dyna_std": 3.6350986192701384e-05
}