{
    "timescale": 0.3,
    "testnums": 50,
    "lif_mean": 0.004355751443654299,
    "lif_std": 0.00863874051719904,
    "dyna_mean": 0.0010982058010995388,
    "dyna_std": 0.0019517493201419711
}