{
    "timescale": 0.2,
    "testnums": 50,
    "lif_mean": 0.004888979252427816,
    "lif_std": 0.00893482193350792,
    "dyna_mean": 0.0016520158387720585,
    "dyna_std": 0.0022815752308815718
}