{
    "timescale": 0.4,
    "testnums": 50,
    "lif_mean": 0.00382409174926579,
    "lif_std": 0.004746309947222471,
    "dyna_mean": 0.000992450164631009,
    "dyna_std": 0.0008543040021322668
}