{
    "timescale": 6.0,
    "testnums": 50,
    "lif_mean": 7.78281844304729e-07,
    "lif_std": 2.4784862944216e-06,
    "dyna_mean": 1.139187304488587e-07,
    "dyna_std": 3.0386053140318836e-07
}