{
    "timescale": 6.0,
    "testnums": 50,
    "lif_mean": 0.002569949720054865,
    "lif_std": 0.0040763914585113525,
    "dyna_mean": 7.745993207208812e-05,
    "dyna_std": 4.68760626972653e-05
}