{
    "timescale": 8.0,
    "testnums": 50,
    "lif_mean": 0.003927639219909906,
    "lif_std": 0.011295236647129059,
    "dyna_mean": 0.3267577290534973,
    "dyna_std": 0.9684435129165649
}