{
    "mean": 0.04052013321779668,
    "std": 0.004736836555130335,
    "epoch": 199
}