{
    "mean": 0.4999484717845917,
    "std": 0.008101292230147942,
    "epoch": 8
}