{
    "timescale": 0.9,
    "testnums": 50,
    "lif_mean": 0.00019305823661852628,
    "lif_std": 4.057557453052141e-05,
    "dyna_mean": 0.00019383437756914645,
    "dyna_std": 4.0001741581363603e-05
}