{
    "timescale": 10.0,
    "testnums": 50,
    "lif_mean": 0.0009159189648926258,
    "lif_std": 0.0005564076127484441,
    "dyna_mean": 0.007329115178436041,
    "dyna_std": 0.004698935896158218
}