{
    "timescale": 3.0,
    "testnums": 50,
    "lif_mean": 0.00044235854875296354,
    "lif_std": 0.00023330548719968647,
    "dyna_mean": 0.0010441441554576159,
    "dyna_std": 0.0006212143343873322
}