{
    "timescale": 0.8,
    "testnums": 50,
    "lif_mean": 0.0001678053813520819,
    "lif_std": 3.328255843371153e-05,
    "dyna_mean": 0.0001759278093231842,
    "dyna_std": 3.508451845846139e-05
}