{
    "timescale": 4.0,
    "testnums": 50,
    "lif_mean": 0.000536325154826045,
    "lif_std": 0.0003220738435629755,
    "dyna_mean": 0.0018991808174178004,
    "dyna_std": 0.00112409598659724
}