{
    "timescale": 5.0,
    "testnums": 50,
    "lif_mean": 0.0006832797662355006,
    "lif_std": 0.00037855893606320024,
    "dyna_mean": 0.003240116871893406,
    "dyna_std": 0.0027418218087404966
}