{
    "timescale": 0.7,
    "testnums": 50,
    "lif_mean": 0.00014831284352112561,
    "lif_std": 2.54080932791112e-05,
    "dyna_mean": 0.00017677043797448277,
    "dyna_std": 3.534118877723813e-05
}