{
    "timescale": 2.0,
    "testnums": 50,
    "lif_mean": 0.00026728943339549005,
    "lif_std": 0.0001477600890211761,
    "dyna_mean": 0.0004423691425472498,
    "dyna_std": 0.000279571017017588
}