{
    "timescale": 8.0,
    "testnums": 50,
    "lif_mean": 0.0008463104022666812,
    "lif_std": 0.0005543906008824706,
    "dyna_mean": 0.005254465155303478,
    "dyna_std": 0.0036417515948414803
}