{
    "timescale": 0.2,
    "testnums": 50,
    "lif_mean": 0.00023806940589565784,
    "lif_std": 4.740446820505895e-05,
    "dyna_mean": 0.0005379325011745095,
    "dyna_std": 0.0001915580651257187
}