{
    "timescale": 2.0,
    "testnums": 50,
    "lif_mean": 0.00029738876037299633,
    "lif_std": 0.00016382127068936825,
    "dyna_mean": 0.000539905100595206,
    "dyna_std": 0.00031362188747152686
}