{
    "timescale": 0.9,
    "testnums": 50,
    "lif_mean": 0.00018290325533598661,
    "lif_std": 3.4504206269048154e-05,
    "dyna_mean": 0.00018440690473653376,
    "dyna_std": 3.508596637402661e-05
}