{
    "timescale": 0.5,
    "testnums": 50,
    "lif_mean": 0.00011421384260756895,
    "lif_std": 1.7945336367120035e-05,
    "dyna_mean": 0.00023588218027725816,
    "dyna_std": 8.919640094973147e-05
}