{
    "timescale": 7.0,
    "testnums": 50,
    "lif_mean": 0.0007893884321674705,
    "lif_std": 0.0004933529417030513,
    "dyna_mean": 0.0044789607636630535,
    "dyna_std": 0.003467075526714325
}