{
    "timescale": 9.0,
    "testnums": 50,
    "lif_mean": 0.000846510287374258,
    "lif_std": 0.00044675733079202473,
    "dyna_mean": 0.00634697126224637,
    "dyna_std": 0.003964974544942379
}