{
    "timescale": 0.6,
    "testnums": 50,
    "lif_mean": 0.00012678168423008174,
    "lif_std": 2.07724078791216e-05,
    "dyna_mean": 0.00020028214203193784,
    "dyna_std": 5.983926894259639e-05
}