{
    "timescale": 0.8,
    "testnums": 50,
    "lif_mean": 0.00016321553266607225,
    "lif_std": 3.7125406379345804e-05,
    "dyna_mean": 0.0001701465662335977,
    "dyna_std": 3.832011861959472e-05
}