{
    "timescale": 0.4,
    "testnums": 50,
    "lif_mean": 0.00015172876010183245,
    "lif_std": 3.631830259109847e-05,
    "dyna_mean": 0.0003349429462105036,
    "dyna_std": 0.00017825645045377314
}