{
    "timescale": 1.0,
    "testnums": 50,
    "lif_mean": 0.0,
    "lif_std": 0.0,
    "dyna_mean": 6.976914301048964e-05,
    "dyna_std": 1.4298861970019061e-05
}