{
    "timescale": 0.3,
    "testnums": 50,
    "lif_mean": 0.00018101066234521568,
    "lif_std": 4.7453442675760016e-05,
    "dyna_mean": 0.00043463631300255656,
    "dyna_std": 0.00021395491785369813
}