{
    "timescale": 0.1,
    "testnums": 50,
    "lif_mean": 0.0003974387072958052,
    "lif_std": 0.00026146293384954333,
    "dyna_mean": 0.0007846429361961782,
    "dyna_std": 0.0006557489978149533
}