{
    "timescale": 1.0,
    "testnums": 50,
    "lif_mean": 0.0,
    "lif_std": 0.0,
    "dyna_mean": 7.296839612536132e-05,
    "dyna_std": 1.4092763194639701e-05
}