{
    "timescale": 0.1,
    "testnums": 50,
    "lif_mean": 0.00036509920028038323,
    "lif_std": 0.00014259178715292364,
    "dyna_mean": 0.0007250939379446208,
    "dyna_std": 0.000403951940825209
}