{
    "timescale": 6.0,
    "testnums": 50,
    "lif_mean": 0.000754736305680126,
    "lif_std": 0.0004766724887304008,
    "dyna_mean": 0.003451388096436858,
    "dyna_std": 0.0020379277411848307
}