{
    "model": "dynamic-snn",
    "datatype": "gesture",
    "time-scale": 2,
    "mse_v_mean": 0.06179235503077507,
    "mse_v_std": 0.0,
    "mse_s_mean": 0.06714920699596405,
    "mse_s_std": 0.0
}