{
    "timescale": 0.2,
    "testnums": 50,
    "lif_mean": 0.015301206149160862,
    "lif_std": 0.04597029089927673,
    "dyna_mean": 0.022711245343089104,
    "dyna_std": 0.03720415011048317
}