{
    "mse_lif": 4.6431473492702935e-06,
    "mse_dyna": 2.7625537413200618e-08
}