{
    "mse_lif": 1.227737266162876e-05,
    "mse_dyna": 1.0437574928801041e-06
}