{
    "timescale": 8.0,
    "testnums": 50,
    "lif_mean": 6.670933362329379e-05,
    "lif_std": 0.00013397735892795026,
    "dyna_mean": 2.671260745046311e-06,
    "dyna_std": 3.4017500638583442e-06
}