{
    "timescale": 4.0,
    "testnums": 50,
    "lif_mean": 0.0016512594884261489,
    "lif_std": 0.001712812460027635,
    "dyna_mean": 6.822651630500332e-05,
    "dyna_std": 3.9546735933981836e-05
}