{
    "max": {
        "joint0": -1.2501274892407297,
        "joint1": -1.0356336241965391,
        "joint2": 2.4182144531856453,
        "joint3": -1.7736464378460446,
        "joint4": -1.565382708933678,
        "joint5": 0.320668837554167
    },
    "min": {
        "joint0": -2.4369942750928413,
        "joint1": -2.0557451597631067,
        "joint2": 1.3698271472248114,
        "joint3": -2.070983580558135,
        "joint4": -1.570870229729418,
        "joint5": -0.8661979482979449
    }
}