{
    "mse_lif": 0.001304437406361103,
    "mse_dyna": 6.443847837545036e-07
}