{
    "mse_lif": 2.5710520276334137e-05,
    "mse_dyna": 6.329639745672466e-08
}