{
    "timescale": 0.2,
    "testnums": 50,
    "lif_mean": 0.01336277462542057,
    "lif_std": 0.018888233229517937,
    "dyna_mean": 0.00246492400765419,
    "dyna_std": 0.0032560299150645733
}