{
    "model": "model_epoch_80.pth",
    "mean": 0.7430555555555556,
    "std": 0.060340788878412384
}