{
    "mean": 0.6493055555555556,
    "std": 0.1747876798424058
}