{
    "mse_lif": 0.0002758487535174936,
    "mse_dyna": 2.994422345636849e-07
}