{
    "mean": 0.4946109764277935,
    "std": 0.00928978248313685,
    "epoch": 3
}