{
    "timescale": 0.3,
    "testnums": 50,
    "lif_mean": 2.6046363927889615e-05,
    "lif_std": 2.6427695047459565e-05,
    "dyna_mean": 3.399747583898716e-05,
    "dyna_std": 4.098421413800679e-05
}