{
    "mean": 0.8993055555555556,
    "std": 0.09054447785003678,
    "epoch": 694
}