{
    "timescale": 0.9,
    "testnums": 50,
    "lif_mean": 0.010050161741673946,
    "lif_std": 0.005340950097888708,
    "dyna_mean": 0.00957377627491951,
    "dyna_std": 0.005176675971597433
}