{
    "mean": 0.9236111111111112,
    "std": 0.09329881140655835,
    "epoch": 602
}