{
    "timescale": 6.0,
    "testnums": 50,
    "lif_mean": 0.003815966658294201,
    "lif_std": 0.004622968379408121,
    "dyna_mean": 0.0001149347735918127,
    "dyna_std": 5.9093901654705405e-05
}