{
    "timescale": 9.0,
    "testnums": 50,
    "lif_mean": 0.0018922421149909496,
    "lif_std": 0.002602357417345047,
    "dyna_mean": 0.17306381464004517,
    "dyna_std": 0.25232982635498047
}