{
    "mean": 0.8368055555555556,
    "std": 0.11002069109551985,
    "epoch": 346
}