{
    "timescale": 5.0,
    "testnums": 50,
    "lif_mean": 0.0022487607784569263,
    "lif_std": 0.005600715521723032,
    "dyna_mean": 0.0002470618928782642,
    "dyna_std": 0.0005404285038821399
}