{
    "timescale": 0.6,
    "testnums": 50,
    "lif_mean": 0.00010721058788476512,
    "lif_std": 0.00014541312702931464,
    "dyna_mean": 4.032231299788691e-05,
    "dyna_std": 3.407325129956007e-05
}