{
    "timescale": 0.9,
    "testnums": 50,
    "lif_mean": 2.688367385417223e-05,
    "lif_std": 4.407956657814793e-05,
    "dyna_mean": 2.078611396427732e-05,
    "dyna_std": 3.2111580367200077e-05
}