{
    "timescale": 0.9,
    "testnums": 50,
    "lif_mean": 2.222785724370624e-06,
    "lif_std": 4.62735579276341e-06,
    "dyna_mean": 1.7258280422538519e-06,
    "dyna_std": 3.7458460155903595e-06
}