{
    "timescale": 0.3,
    "testnums": 50,
    "lif_mean": 2.098884215229191e-05,
    "lif_std": 2.1321171516319737e-05,
    "dyna_mean": 3.058382208109833e-05,
    "dyna_std": 4.86650642415043e-05
}