{
    "timescale": 5.0,
    "testnums": 50,
    "lif_mean": 0.0005007314030081034,
    "lif_std": 0.0009209183626808226,
    "dyna_mean": 1.5395626178360544e-05,
    "dyna_std": 1.4735736840520985e-05
}