{
    "mse_lif": 1.3370001397561282e-05,
    "mse_dyna": 4.396297299535945e-07
}