{
    "timescale": 9.0,
    "testnums": 50,
    "lif_mean": 0.002522984053939581,
    "lif_std": 0.005272957030683756,
    "dyna_mean": 0.000378027674742043,
    "dyna_std": 0.0007254627416841686
}