{
    "timescale": 0.5,
    "testnums": 2,
    "lif_mean": 1.3045766536379233e-05,
    "lif_std": 7.397185527224792e-06,
    "dyna_mean": 3.1332192520494573e-06,
    "dyna_std": 1.6190880387512152e-06
}