{
    "timescale": 0.3,
    "testnums": 50,
    "lif_mean": 0.0007650291663594544,
    "lif_std": 0.0007026403327472508,
    "dyna_mean": 0.0004577157960738987,
    "dyna_std": 0.0003665973781608045
}