{
    "timescale": 0.4,
    "testnums": 50,
    "lif_mean": 0.006236317101866007,
    "lif_std": 0.007353444118052721,
    "dyna_mean": 0.0013660052791237831,
    "dyna_std": 0.001410591066814959
}