{
    "model": "dynamic-snn",
    "datatype": "gesture",
    "time-scale": 5,
    "acc_mean": 0.6651785714285714,
    "acc_std": 0.0,
    "loss_mean": 2.0161962679454257,
    "loss_std": 0.0
}