{
    "model": "dynamic-snn",
    "datatype": "gesture",
    "time-scale": 12,
    "mse_v_mean": 0.2308686077594757,
    "mse_v_std": 0.0,
    "mse_s_mean": 0.04072093591094017,
    "mse_s_std": 0.0
}