{
    "timescale": 0.4,
    "testnums": 50,
    "lif_mean": 0.011206789873540401,
    "lif_std": 0.008382952772080898,
    "dyna_mean": 0.017587868496775627,
    "dyna_std": 0.01599256321787834
}