{
    "mse_lif": 2.1384643332567066e-05,
    "mse_dyna": 2.0354911612230353e-05
}