{
    "mse_lif": 0.007774499244987965,
    "mse_dyna": 0.00044116636854596436
}