{
    "mean": 0.8402777777777778,
    "std": 0.11357935579025089,
    "epoch": 542
}