{
    "timescale": 0.9,
    "testnums": 50,
    "lif_mean": 4.7756635467521846e-05,
    "lif_std": 7.650200859643519e-05,
    "dyna_mean": 3.884729812853038e-05,
    "dyna_std": 5.8609726693248376e-05
}