{
    "mean": 0.6944444444444444,
    "std": 0.07623089722256995,
    "epoch": 789
}