{
    "timescale": 0.7,
    "testnums": 50,
    "lif_mean": 0.00012023258750559762,
    "lif_std": 0.00012177199096186087,
    "dyna_mean": 5.330471685738303e-05,
    "dyna_std": 3.5827844840241596e-05
}