{
    "timescale": 0.7,
    "testnums": 50,
    "lif_mean": 5.8934048865921795e-05,
    "lif_std": 9.101217438001186e-05,
    "dyna_mean": 2.7386828151065856e-05,
    "dyna_std": 3.255665797041729e-05
}