{
    "mse_lif": 0.00015725387493148446,
    "mse_dyna": 0.0001426234666723758
}