{
    "timescale": 6.0,
    "testnums": 50,
    "lif_mean": 0.002466389210894704,
    "lif_std": 0.0037715169601142406,
    "dyna_mean": 8.492049528285861e-05,
    "dyna_std": 4.267070471541956e-05
}