{
    "timescale": 0.8,
    "testnums": 50,
    "lif_mean": 2.1076144548715092e-05,
    "lif_std": 1.8858347175410017e-05,
    "dyna_mean": 1.4058522538107354e-05,
    "dyna_std": 1.3308620509633329e-05
}