{
    "timescale": 0.8,
    "testnums": 50,
    "lif_mean": 5.0008984544547275e-06,
    "lif_std": 1.156981034000637e-05,
    "dyna_mean": 2.8543693133542547e-06,
    "dyna_std": 6.581314210052369e-06
}