{
    "timescale": 0.2,
    "testnums": 50,
    "lif_mean": 0.03257787600159645,
    "lif_std": 0.025244925171136856,
    "dyna_mean": 0.0271613672375679,
    "dyna_std": 0.016713835299015045
}