{
    "mse_lif": 2.480153852957301e-05,
    "mse_dyna": 6.134212526376359e-06
}