{
    "mse_lif": 4.483637894736603e-06,
    "mse_dyna": 1.0417795692774234e-07
}