{
    "timescale": 0.3,
    "testnums": 50,
    "lif_mean": 0.0001648786274017766,
    "lif_std": 0.0003280017990618944,
    "dyna_mean": 3.939388261642307e-05,
    "dyna_std": 5.153547317604534e-05
}