{
    "mse_lif": 0.0023929057642817497,
    "mse_dyna": 0.0023929057642817497
}