{
    "timescale": 4.0,
    "testnums": 50,
    "lif_mean": 0.0015192601131275296,
    "lif_std": 0.0023321807384490967,
    "dyna_mean": 0.03095104545354843,
    "dyna_std": 0.046534642577171326
}