{
    "model": "model_epoch_80.pth",
    "mean": 0.7743055555555556,
    "std": 0.06383602885711888
}