{
    "mean": 0.6631944444444444,
    "std": 0.09857687199012771
}