{
    "mean": 0.8194444444444444,
    "std": 0.05055631867555915
}