{
    "timescale": 0.3,
    "testnums": 50,
    "lif_mean": 5.239541133050807e-05,
    "lif_std": 5.017217335989699e-05,
    "dyna_mean": 1.3899907571612857e-05,
    "dyna_std": 1.6299398339469917e-05
}