{
    "mean": 0.01959149562753737,
    "std": 0.0011035985894481293,
    "epoch": 185
}