{
    "timescale": 0.7,
    "testnums": 50,
    "lif_mean": 2.12728809856344e-05,
    "lif_std": 2.4178829335141927e-05,
    "dyna_mean": 1.2946023161930498e-05,
    "dyna_std": 1.5054729374242015e-05
}