{
    "mse_lif": 2.264327122247778e-05,
    "mse_dyna": 9.054454494616948e-06
}