{
    "mse_lif": 3.0178442102624103e-05,
    "mse_dyna": 7.070023457345087e-06
}