{
    "timescale": 0.5,
    "testnums": 50,
    "lif_mean": 0.007580765523016453,
    "lif_std": 0.0035483024548739195,
    "dyna_mean": 0.012775846756994724,
    "dyna_std": 0.012753535062074661
}