{
    "timescale": 0.7,
    "testnums": 50,
    "lif_mean": 0.0001068090641638264,
    "lif_std": 0.00010981070226989686,
    "dyna_mean": 4.770404120790772e-05,
    "dyna_std": 3.2685558835510164e-05
}