{
    "timescale": 0.7,
    "testnums": 50,
    "lif_mean": 0.00042634212877601385,
    "lif_std": 0.0003161492059007287,
    "dyna_mean": 0.00032277803984470665,
    "dyna_std": 0.00020177675469312817
}