{
    "mse_lif": 0.011717608198523521,
    "mse_dyna": 0.011717608198523521
}