{
    "timescale": 7.0,
    "testnums": 50,
    "lif_mean": 0.0029139805119484663,
    "lif_std": 0.006309578660875559,
    "dyna_mean": 0.0002795796317514032,
    "dyna_std": 0.0005447049043141305
}