{
    "timescale": 9.0,
    "testnums": 50,
    "lif_mean": 7.505191774725972e-07,
    "lif_std": 3.2428745271317894e-06,
    "dyna_mean": 4.568300937535241e-08,
    "dyna_std": 1.4504585976737872e-07
}