{
    "timescale": 3.0,
    "testnums": 50,
    "lif_mean": 2.44586008193437e-05,
    "lif_std": 4.3421488953754306e-05,
    "dyna_mean": 2.422226089038304e-06,
    "dyna_std": 2.9565067052317318e-06
}