{
    "timescale": 0.7,
    "testnums": 2,
    "lif_mean": 1.731075462885201e-05,
    "lif_std": 5.584716745943297e-06,
    "dyna_mean": 8.029570381040685e-06,
    "dyna_std": 3.5928235320170643e-06
}