{
    "timescale": 5.0,
    "testnums": 50,
    "lif_mean": 0.0026947346050292253,
    "lif_std": 0.003884177887812257,
    "dyna_mean": 0.08696422725915909,
    "dyna_std": 0.1155843734741211
}