{
    "timescale": 0.5,
    "testnums": 50,
    "lif_mean": 8.80309016793035e-05,
    "lif_std": 8.993550727609545e-05,
    "dyna_mean": 0.00010163629485759884,
    "dyna_std": 0.00013144647527951747
}