{
    "mean": 0.684375,
    "std": 0.11583595620531649,
    "epoch": 277
}