{
    "timescale": 0.8,
    "testnums": 50,
    "lif_mean": 0.008081809617578983,
    "lif_std": 0.004812420345842838,
    "dyna_mean": 0.008210999891161919,
    "dyna_std": 0.005413420964032412
}