{
    "timescale": 5.0,
    "testnums": 50,
    "lif_mean": 0.0024025810416787863,
    "lif_std": 0.003406809875741601,
    "dyna_mean": 8.530965715181082e-05,
    "dyna_std": 4.9352172936778516e-05
}