{
    "mse_lif": 9.302598300564568e-06,
    "mse_dyna": 3.1671757483309193e-07
}