{
    "max": {
        "target_x": 0.005654420429471063,
        "target_y": 0.005654420429471
    },
    "min": {
        "target_x": -0.005654420429471174,
        "target_y": -0.005654420429471
    }
}