{
    "timescale": 0.4,
    "testnums": 50,
    "lif_mean": 0.013325010426342487,
    "lif_std": 0.019049931317567825,
    "dyna_mean": 0.011156772263348103,
    "dyna_std": 0.01405611913651228
}