{
    "mean": 0.9166666666666666,
    "std": 0.06532947125773188,
    "epoch": 179
}