{
    "timescale": 2.0,
    "testnums": 50,
    "lif_mean": 0.0008607334457337856,
    "lif_std": 0.0010648739989846945,
    "dyna_mean": 5.3193016356090084e-05,
    "dyna_std": 2.870514799724333e-05
}