{
    "model": "model_epoch_160.pth",
    "mean": 0.8194444444444444,
    "std": 0.07183389189436527
}