{
    "mean": 0.6666666666666666,
    "std": 0.14433756729740643
}