{
    "timescale": 2.0,
    "testnums": 50,
    "lif_mean": 0.0073411064222455025,
    "lif_std": 0.005133664235472679,
    "dyna_mean": 0.05037156119942665,
    "dyna_std": 0.05546676367521286
}