{
    "timescale": 4.0,
    "testnums": 50,
    "lif_mean": 0.0016821776516735554,
    "lif_std": 0.002885502064600587,
    "dyna_mean": 7.195211219368502e-05,
    "dyna_std": 5.2997522288933396e-05
}