{
    "timescale": 0.3,
    "testnums": 50,
    "lif_mean": 0.028006359934806824,
    "lif_std": 0.021749844774603844,
    "dyna_mean": 0.029155602678656578,
    "dyna_std": 0.018647104501724243
}