{
    "timescale": 10.0,
    "testnums": 50,
    "lif_mean": 6.453405489992292e-07,
    "lif_std": 2.985400897159707e-06,
    "dyna_mean": 7.704979765321696e-08,
    "dyna_std": 3.2037303299148334e-07
}