{
    "mean": 0.013949246145784855,
    "std": 0.0023205407974092236,
    "epoch": 196
}