{
    "timescale": 0.5,
    "testnums": 50,
    "lif_mean": 3.9963899325812235e-05,
    "lif_std": 4.69397273263894e-05,
    "dyna_mean": 1.3012521776545327e-05,
    "dyna_std": 1.0898447726503946e-05
}