{
    "timescale": 0.5,
    "testnums": 50,
    "lif_mean": 8.710234396858141e-05,
    "lif_std": 7.851711416151375e-05,
    "dyna_mean": 0.00011720554175553843,
    "dyna_std": 0.00014608314086217433
}