{
    "timescale": 6.0,
    "testnums": 50,
    "lif_mean": 0.0005486814770847559,
    "lif_std": 0.000712991168256849,
    "dyna_mean": 1.5234193597279955e-05,
    "dyna_std": 1.2113776392652653e-05
}