{
    "timescale": 5.0,
    "testnums": 50,
    "lif_mean": 0.002362665953114629,
    "lif_std": 0.004546143114566803,
    "dyna_mean": 0.00026085838908329606,
    "dyna_std": 0.0004419597389642149
}