{
    "timescale": 0.2,
    "testnums": 50,
    "lif_mean": 2.3114209398045205e-05,
    "lif_std": 2.755081732175313e-05,
    "dyna_mean": 4.923373489873484e-05,
    "dyna_std": 9.107741061598063e-05
}