{
    "timescale": 0.2,
    "testnums": 50,
    "lif_mean": 3.5121743167110253e-06,
    "lif_std": 7.166098384914221e-06,
    "dyna_mean": 1.3112614283272706e-07,
    "dyna_std": 5.41780821095017e-07
}