{
    "mse_lif": 3.8580565160373226e-05,
    "mse_dyna": 2.9069476568110986e-06
}