{
    "mse_lif": 7.615926733706146e-05,
    "mse_dyna": 7.020022394499392e-07
}