{
    "mse_lif": 2.1817893866682425e-05,
    "mse_dyna": 8.11033805803163e-06
}