{
    "mean": 0.3854166666666667,
    "std": 0.07365695637359869,
    "epoch": 3
}