{
    "mse_lif": 3.9640130125917494e-05,
    "mse_dyna": 1.3398289411270525e-06
}