{
    "timescale": 0.7,
    "testnums": 50,
    "lif_mean": 0.00480670714750886,
    "lif_std": 0.005273111164569855,
    "dyna_mean": 0.0020935097709298134,
    "dyna_std": 0.001994335325434804
}