{
    "timescale": 0.6,
    "testnums": 50,
    "lif_mean": 0.004991929046809673,
    "lif_std": 0.006711727939546108,
    "dyna_mean": 0.0017833678284659982,
    "dyna_std": 0.002095975913107395
}