{
    "timescale": 5.0,
    "testnums": 50,
    "lif_mean": 0.0008455323404632509,
    "lif_std": 0.0018043984891846776,
    "dyna_mean": 5.672575571225025e-05,
    "dyna_std": 5.871797111467458e-05
}