{
    "mean": 0.653125,
    "std": 0.05711145900780333,
    "epoch": 363
}