{
    "timescale": 0.3,
    "testnums": 50,
    "lif_mean": 0.00901829730719328,
    "lif_std": 0.01046365313231945,
    "dyna_mean": 0.0015051087830215693,
    "dyna_std": 0.0012418219121173024
}