{
    "timescale": 10.0,
    "testnums": 50,
    "lif_mean": 0.0007555795600637794,
    "lif_std": 0.0016904609510675073,
    "dyna_mean": 4.673005605582148e-05,
    "dyna_std": 3.750911491806619e-05
}