{
    "timescale": 2.0,
    "testnums": 50,
    "lif_mean": 3.664194082375616e-05,
    "lif_std": 8.21867142803967e-05,
    "dyna_mean": 2.0900436084048124e-06,
    "dyna_std": 3.255066985730082e-06
}