{
    "timescale": 0.9,
    "testnums": 50,
    "lif_mean": 0.0021104447077959776,
    "lif_std": 0.0025057485327124596,
    "dyna_mean": 0.0016761042643338442,
    "dyna_std": 0.0018904941389337182
}