{
    "timescale": 2.0,
    "testnums": 50,
    "lif_mean": 0.0006730022141709924,
    "lif_std": 0.0007693770457990468,
    "dyna_mean": 5.004869308322668e-05,
    "dyna_std": 2.953403236460872e-05
}