{
    "timescale": 3.0,
    "testnums": 50,
    "lif_mean": 0.003176648635417223,
    "lif_std": 0.0037573259323835373,
    "dyna_mean": 0.00012506131315603852,
    "dyna_std": 8.771030843490735e-05
}