{
    "timescale": 6.0,
    "testnums": 50,
    "lif_mean": 4.5745313400402665e-05,
    "lif_std": 7.590564928250387e-05,
    "dyna_mean": 2.2068365979066584e-06,
    "dyna_std": 3.339772092658677e-06
}