{
    "timescale": 6.0,
    "testnums": 50,
    "lif_mean": 0.0018153884448111057,
    "lif_std": 0.0020188617054373026,
    "dyna_mean": 0.08071445673704147,
    "dyna_std": 0.07675208151340485
}