{
    "timescale": 3.0,
    "testnums": 50,
    "lif_mean": 0.013008581474423409,
    "lif_std": 0.010239385068416595,
    "dyna_mean": 0.16787107288837433,
    "dyna_std": 0.23166191577911377
}