{
    "timescale": 0.9,
    "testnums": 50,
    "lif_mean": 1.70468156284187e-05,
    "lif_std": 1.729447831166908e-05,
    "dyna_mean": 1.4315293810795993e-05,
    "dyna_std": 1.4135762285150122e-05
}