{
    "mean": 0.005415490455925464,
    "std": 0.00011636721822295166,
    "epoch": 195
}