{
    "mean": 0.00572244506329298,
    "std": 0.00017627006351260418,
    "epoch": 80
}