{
    "timescale": 10.0,
    "testnums": 50,
    "lif_mean": 8.04656810942106e-05,
    "lif_std": 0.00013721630966756493,
    "dyna_mean": 4.112892384000588e-06,
    "dyna_std": 5.1704514589800965e-06
}