{
    "timescale": 10.0,
    "testnums": 50,
    "lif_mean": 8.396081625505758e-07,
    "lif_std": 2.7945452529820614e-06,
    "dyna_mean": 1.2975290530903294e-07,
    "dyna_std": 3.643475281478459e-07
}