{
    "timescale": 0.3,
    "testnums": 50,
    "lif_mean": 9.431186299480032e-06,
    "lif_std": 1.4834570720267948e-05,
    "dyna_mean": 9.135624168266077e-07,
    "dyna_std": 2.4621892862342065e-06
}