{
    "mean": 0.7222222222222222,
    "std": 0.08128263826888628
}