{
    "mse_lif": 0.000536002276930958,
    "mse_dyna": 2.707703856685839e-07
}