{
    "mse_lif": 5.9131292800884694e-05,
    "mse_dyna": 2.033276302881859e-07
}