{
    "timescale": 0.2,
    "testnums": 50,
    "lif_mean": 6.043554822099395e-05,
    "lif_std": 6.449215288739651e-05,
    "dyna_mean": 1.8825654478860088e-05,
    "dyna_std": 1.8252776499139145e-05
}