{
    "timescale": 0.1,
    "testnums": 50,
    "lif_mean": 3.424353781156242e-05,
    "lif_std": 5.728739051846787e-05,
    "dyna_mean": 6.289120938163251e-05,
    "dyna_std": 0.00013622264668811113
}