{
    "timescale": 0.1,
    "testnums": 50,
    "lif_mean": 7.375773748208303e-06,
    "lif_std": 1.3503175068763085e-05,
    "dyna_mean": 8.160227480402682e-07,
    "dyna_std": 2.7593737286224496e-06
}