{
    "timescale": 0.2,
    "testnums": 50,
    "lif_mean": 1.1471102880022954e-05,
    "lif_std": 2.582606248324737e-05,
    "dyna_mean": 9.153133078143583e-07,
    "dyna_std": 3.1457720979233272e-06
}