{
    "mean": 0.8506944444444444,
    "std": 0.10393492741038726
}