{
    "mean": 0.8020833333333334,
    "std": 0.07654655446197431,
    "epoch": 77
}