{
    "mean": 0.90625,
    "std": 0.07933096985274904,
    "epoch": 280
}