{
    "mean": 0.9201388888888888,
    "std": 0.07670389595268931,
    "epoch": 535
}