{
    "mean": 0.8923611111111112,
    "std": 0.08852464433320807,
    "epoch": 255
}