{
    "mean": 0.8263888888888888,
    "std": 0.08216777476527244,
    "epoch": 166
}