{
    "mean": 0.8090277777777778,
    "std": 0.10566058371321485,
    "epoch": 143
}