{
    "mean": 0.7534722222222222,
    "std": 0.08893228107545624,
    "epoch": 42
}