{
    "timescale": 0.8,
    "testnums": 50,
    "lif_mean": 2.468757338647265e-05,
    "lif_std": 4.697880649473518e-05,
    "dyna_mean": 1.5509054719586857e-05,
    "dyna_std": 2.1217747416812927e-05
}