{
    "timescale": 0.8,
    "testnums": 50,
    "lif_mean": 4.813698978978209e-06,
    "lif_std": 9.671050975157414e-06,
    "dyna_mean": 2.5760432436072733e-06,
    "dyna_std": 5.582436187978601e-06
}