{
    "mean": 0.8611111111111112,
    "std": 0.0944546563106628,
    "epoch": 777
}