{
    "timescale": 9.0,
    "testnums": 50,
    "lif_mean": 0.004429642576724291,
    "lif_std": 0.0054509458132088184,
    "dyna_mean": 0.00013300431601237506,
    "dyna_std": 5.56392187718302e-05
}