{
    "timescale": 0.9,
    "testnums": 50,
    "lif_mean": 0.0001862753415480256,
    "lif_std": 0.0003002810990437865,
    "dyna_mean": 0.00012572965351864696,
    "dyna_std": 0.00017417249910067767
}