{
    "timescale": 0.3,
    "testnums": 50,
    "lif_mean": 0.006275641731917858,
    "lif_std": 0.009149892255663872,
    "dyna_mean": 0.0012461749138310552,
    "dyna_std": 0.0013568800641223788
}