{
    "mean": 0.7673611111111112,
    "std": 0.08852464433320807,
    "epoch": 328
}