{
    "timescale": 0.3,
    "testnums": 50,
    "lif_mean": 0.012709093280136585,
    "lif_std": 0.009430992417037487,
    "dyna_mean": 0.023228375241160393,
    "dyna_std": 0.023202158510684967
}