{
    "mse_lif": 5.249465903034434e-05,
    "mse_dyna": 1.3701406942345784e-07
}