{
    "timescale": 0.9,
    "testnums": 50,
    "lif_mean": 0.00011147564509883523,
    "lif_std": 0.0001286341721424833,
    "dyna_mean": 8.065638394327834e-05,
    "dyna_std": 8.336153405252844e-05
}