{
    "mean": 0.8333333333333334,
    "std": 0.06909634979907084,
    "epoch": 345
}