{
    "timescale": 0.6,
    "testnums": 50,
    "lif_mean": 0.0027788979932665825,
    "lif_std": 0.0030990743543952703,
    "dyna_mean": 0.0012137767625972629,
    "dyna_std": 0.0011272834381088614
}