{
    "timescale": 3.0,
    "testnums": 50,
    "lif_mean": 4.961642116541043e-05,
    "lif_std": 8.620390872238204e-05,
    "dyna_mean": 2.5677729809103766e-06,
    "dyna_std": 3.873479272442637e-06
}