{
    "timescale": 9.0,
    "testnums": 50,
    "lif_mean": 0.001047804020345211,
    "lif_std": 0.0026110736653208733,
    "dyna_mean": 6.788077735109255e-05,
    "dyna_std": 7.576271309517324e-05
}