{
    "mse_lif": 6.0326816310407594e-05,
    "mse_dyna": 1.3517667866835836e-05
}