{
    "mse_lif": 2.1607633243547752e-05,
    "mse_dyna": 8.73538556334097e-06
}