{
    "timescale": 0.7,
    "testnums": 50,
    "lif_mean": 0.00010104420653078705,
    "lif_std": 0.00010034596198238432,
    "dyna_mean": 4.837761298404075e-05,
    "dyna_std": 3.695787017932162e-05
}