{
    "timescale": 7.0,
    "testnums": 50,
    "lif_mean": 0.005316589493304491,
    "lif_std": 0.007118545938283205,
    "dyna_mean": 0.00015605083899572492,
    "dyna_std": 6.034870966686867e-05
}