{
    "timescale": 2.0,
    "testnums": 50,
    "lif_mean": 0.0008993314695544541,
    "lif_std": 0.001987752504646778,
    "dyna_mean": 0.00018072967941407114,
    "dyna_std": 0.00036552725941874087
}