{
    "timescale": 0.5,
    "testnums": 50,
    "lif_mean": 4.1565249375707936e-06,
    "lif_std": 6.230810413399013e-06,
    "dyna_mean": 1.3688845683645923e-06,
    "dyna_std": 2.6779980544233695e-06
}