{
    "timescale": 5.0,
    "testnums": 50,
    "lif_mean": 0.0029783316422253847,
    "lif_std": 0.00511402590200305,
    "dyna_mean": 0.0001288587664021179,
    "dyna_std": 6.210587889654562e-05
}