{
    "timescale": 6.0,
    "testnums": 50,
    "lif_mean": 0.0014605778269469738,
    "lif_std": 0.0020603854209184647,
    "dyna_mean": 7.25972859072499e-05,
    "dyna_std": 4.0231367165688425e-05
}