{
    "mse_lif": 1.5010741662990768e-05,
    "mse_dyna": 2.12241207009356e-06
}