{
    "timescale": 3.0,
    "testnums": 50,
    "lif_mean": 0.0015834291698411107,
    "lif_std": 0.003369365818798542,
    "dyna_mean": 0.00023789705301169306,
    "dyna_std": 0.0004422946076374501
}