{
    "mse_lif": 1.7164811652037315e-05,
    "mse_dyna": 1.1279907084826846e-05
}