{
    "mse_lif": 7.795104465913028e-05,
    "mse_dyna": 6.465253221676903e-08
}