{
    "max": {
        "endpos_x": 0.6999842088408681,
        "endpos_y": 0.3
    },
    "min": {
        "endpos_x": 0.3000157911591263,
        "endpos_y": -0.3
    }
}