{
    "max": {
        "target_x": 0.03513770407585859,
        "target_y": 0.0263803502549267
    },
    "min": {
        "target_x": -0.03513770407585942,
        "target_y": -0.0263803502549117
    }
}