{
    "timescale": 0.8,
    "testnums": 50,
    "lif_mean": 0.0019533371087163687,
    "lif_std": 0.0019676084630191326,
    "dyna_mean": 0.001261166762560606,
    "dyna_std": 0.0010989609872922301
}