{
    "timescale": 0.7,
    "testnums": 50,
    "lif_mean": 0.0038559790700674057,
    "lif_std": 0.006020394619554281,
    "dyna_mean": 0.001750627183355391,
    "dyna_std": 0.0022779309656471014
}