{
    "timescale": 0.7,
    "testnums": 50,
    "lif_mean": 0.001832351554185152,
    "lif_std": 0.004366836044937372,
    "dyna_mean": 0.0013363215839490294,
    "dyna_std": 0.003103079739958048
}