{
    "mean": 0.9097222222222222,
    "std": 0.08645763609714398
}