{
    "mse_lif": 2.0858049538219348e-05,
    "mse_dyna": 3.835231510151971e-08
}