{
    "max": {
        "target_x": 0.005026019175646157,
        "target_y": 0.003769793503387772
    },
    "min": {
        "target_x": -0.0050260329359358424,
        "target_y": -0.003769830426585689
    }
}