{
    "mean": 0.7638888888888888,
    "std": 0.10531771450071599,
    "epoch": 788
}