{
    "model": "dynamic-snn",
    "datatype": "gesture",
    "time-scale": 5,
    "mse_v_mean": 4848.6708984375,
    "mse_v_std": 123.62945207678247,
    "mse_s_mean": 0.0998641811311245,
    "mse_s_std": 0.0005849161602968996
}