{
    "timescale": 0.7,
    "testnums": 50,
    "lif_mean": 0.00201393966563046,
    "lif_std": 0.0024504107423126698,
    "dyna_mean": 0.0011439668014645576,
    "dyna_std": 0.0011695103021338582
}