{
    "timescale": 0.7,
    "testnums": 50,
    "lif_mean": 0.0023177959956228733,
    "lif_std": 0.0022178138606250286,
    "dyna_mean": 0.0012555415742099285,
    "dyna_std": 0.0011110325576737523
}