{
    "max": {
        "joint0": -1.534970785268562,
        "joint1": -1.2588700621908022,
        "joint2": 2.2200626710960902,
        "joint3": -1.7735303107507687,
        "joint4": -1.5707963267948963,
        "joint5": 0.0358299512179791
    },
    "min": {
        "joint0": -2.144074086126745,
        "joint1": -1.7367760998104704,
        "joint2": 1.70034523292071,
        "joint3": -2.07098554692912,
        "joint4": -1.5709963222382866,
        "joint5": -0.5732777593318485
    }
}