{
    "max": {
        "target_x": 0.008793450389336988,
        "target_y": 0.0131901753303173
    },
    "min": {
        "target_x": -0.008793450389336988,
        "target_y": -0.0131901753303173
    }
}