{
    "mean": 0.027605825662612916,
    "std": 0.004797732918149537,
    "epoch": 21
}