{
    "mean": 0.005422727763652801,
    "std": 0.0005039669155037251,
    "epoch": 113
}