{
    "timescale": 0.3,
    "testnums": 50,
    "lif_mean": 1.0645751899573952e-05,
    "lif_std": 2.1750980522483587e-05,
    "dyna_mean": 1.0579573199720471e-06,
    "dyna_std": 2.9359873678913573e-06
}