{
    "timescale": 0.3,
    "testnums": 50,
    "lif_mean": 1.8934653780888766e-05,
    "lif_std": 2.1766072677564807e-05,
    "dyna_mean": 2.6357774913776666e-05,
    "dyna_std": 4.045756213599816e-05
}