{
    "mse_lif": 0.0007573614711873233,
    "mse_dyna": 0.0007573614711873233
}