{
    "timescale": 3.0,
    "testnums": 50,
    "lif_mean": 2.7908496122108772e-05,
    "lif_std": 3.155400918330997e-05,
    "dyna_mean": 2.8251615731278434e-06,
    "dyna_std": 3.555389412213117e-06
}