{
    "timescale": 5.0,
    "testnums": 50,
    "lif_mean": 0.004982026759535074,
    "lif_std": 0.004487071186304092,
    "dyna_mean": 0.0009949873201549053,
    "dyna_std": 0.0007227108580991626
}