{
    "timescale": 10.0,
    "testnums": 50,
    "lif_mean": 0.0019969262648373842,
    "lif_std": 0.0031819473952054977,
    "dyna_mean": 8.003463153727353e-05,
    "dyna_std": 4.085679756826721e-05
}