{
    "timescale": 6.0,
    "testnums": 50,
    "lif_mean": 0.0007940448704175651,
    "lif_std": 0.001458822749555111,
    "dyna_mean": 5.810756192659028e-05,
    "dyna_std": 4.4430606067180634e-05
}