{
    "timescale": 7.0,
    "testnums": 50,
    "lif_mean": 1.1949439340241952e-06,
    "lif_std": 3.8378420867957175e-06,
    "dyna_mean": 1.3723357028538885e-07,
    "dyna_std": 4.633457990621537e-07
}