{
    "timescale": 3.0,
    "testnums": 50,
    "lif_mean": 0.00047993651241995394,
    "lif_std": 0.0011206717463210225,
    "dyna_mean": 4.4448654080042616e-05,
    "dyna_std": 4.184443241683766e-05
}