{
    "mean": 0.6354166666666666,
    "std": 0.18692040046798292
}