{
    "model": "model_best.pth",
    "mean": 0.8055555555555556,
    "std": 0.08433998473257721
}