{
    "timescale": 2.0,
    "testnums": 50,
    "lif_mean": 0.0008055646903812885,
    "lif_std": 0.0013587407302111387,
    "dyna_mean": 0.0036208312958478928,
    "dyna_std": 0.007040894124656916
}