{
    "mean": 0.9305555555555556,
    "std": 0.08038775626937657,
    "epoch": 663
}