{
    "timescale": 0.9,
    "testnums": 50,
    "lif_mean": 0.00014033526531420648,
    "lif_std": 0.00033439332037232816,
    "dyna_mean": 0.00011580027057789266,
    "dyna_std": 0.00026406647521071136
}