{
    "mse_lif": 5.497769234352745e-05,
    "mse_dyna": 2.861592633962573e-07
}