{
    "timescale": 0.8,
    "testnums": 50,
    "lif_mean": 0.002203074749559164,
    "lif_std": 0.0024199425242841244,
    "dyna_mean": 0.0014562858268618584,
    "dyna_std": 0.0014182619052007794
}