{
    "mse_lif": 3.1108898838283494e-05,
    "mse_dyna": 2.983287004099111e-07
}