{
    "mse_lif": 2.8630818633246236e-05,
    "mse_dyna": 1.4856796951789875e-05
}