{
    "max": {
        "joint0": -1.533835372220113,
        "joint1": -1.1485894699052586,
        "joint2": 2.3254022056974843,
        "joint3": -1.647866604607176,
        "joint4": -1.570796326794896,
        "joint5": 0.0369612859352067
    },
    "min": {
        "joint0": -2.17486994431532,
        "joint1": -1.8846314967624187,
        "joint2": 1.5431323750905066,
        "joint3": -2.0709849110213687,
        "joint4": -1.571043408838825,
        "joint5": -0.6040736175204232
    }
}