{
    "mean": 0.006451160460710525,
    "std": 0.0005925489679337572,
    "epoch": 187
}