{
    "timescale": 8.0,
    "testnums": 50,
    "lif_mean": 4.5042532292427495e-05,
    "lif_std": 8.917188097257167e-05,
    "dyna_mean": 3.716619630722562e-06,
    "dyna_std": 4.199359409540193e-06
}