{
    "mean": 0.6423611111111112,
    "std": 0.07810570749445828,
    "epoch": 640
}