{
    "timescale": 4.0,
    "testnums": 50,
    "lif_mean": 2.4517331098650175e-07,
    "lif_std": 1.052219204211724e-06,
    "dyna_mean": 5.19195459958155e-08,
    "dyna_std": 2.517609800634091e-07
}