{
    "timescale": 8.0,
    "testnums": 50,
    "lif_mean": 3.264370025135577e-05,
    "lif_std": 4.705043829744682e-05,
    "dyna_mean": 2.270789764224901e-06,
    "dyna_std": 3.2630218811391387e-06
}