{
    "timescale": 0.7,
    "testnums": 50,
    "lif_mean": 0.0024467369075864553,
    "lif_std": 0.003024073550477624,
    "dyna_mean": 0.0012869754573330283,
    "dyna_std": 0.0012700031511485577
}