{
    "timescale": 10.0,
    "testnums": 50,
    "lif_mean": 0.0041679395362734795,
    "lif_std": 0.008567008189857006,
    "dyna_mean": 0.0005879420787096024,
    "dyna_std": 0.0011592715745791793
}