{
    "timescale": 4.0,
    "testnums": 50,
    "lif_mean": 0.0033963292371481657,
    "lif_std": 0.0034520088229328394,
    "dyna_mean": 0.00012081419117748737,
    "dyna_std": 4.704121602117084e-05
}