{
    "mse_lif": 6.034308626112761e-06,
    "mse_dyna": 1.5007983620307641e-06
}