{
    "mse_lif": 4.598075975081883e-06,
    "mse_dyna": 6.876865654703579e-08
}