{
    "timescale": 10.0,
    "testnums": 50,
    "lif_mean": 8.992001880869793e-07,
    "lif_std": 3.3367275591444923e-06,
    "dyna_mean": 7.774922750058977e-08,
    "dyna_std": 2.3766018841797631e-07
}