{
    "timescale": 10.0,
    "testnums": 50,
    "lif_mean": 4.3142714275745675e-05,
    "lif_std": 9.552539268042892e-05,
    "dyna_mean": 3.272948333687964e-06,
    "dyna_std": 4.7969392653612886e-06
}