{
    "mse_lif": 8.214712579501793e-06,
    "mse_dyna": 6.096944957789674e-07
}