{
    "mse_lif": 0.00020461420353967696,
    "mse_dyna": 0.00022767126210965216
}