{
    "timescale": 5.0,
    "testnums": 50,
    "lif_mean": 0.0018314660992473364,
    "lif_std": 0.002820773981511593,
    "dyna_mean": 7.137414650060236e-05,
    "dyna_std": 4.6660647058160976e-05
}