{
    "timescale": 0.5,
    "testnums": 50,
    "lif_mean": 0.0017923167906701565,
    "lif_std": 0.002741933334618807,
    "dyna_mean": 0.00033035731757991016,
    "dyna_std": 0.0003148794057779014
}