{
    "timescale": 0.3,
    "testnums": 50,
    "lif_mean": 0.016905661672353745,
    "lif_std": 0.035438984632492065,
    "dyna_mean": 0.026006437838077545,
    "dyna_std": 0.038217511028051376
}