{
    "timescale": 4.0,
    "testnums": 50,
    "lif_mean": 0.0003777728124987334,
    "lif_std": 0.0005647438811138272,
    "dyna_mean": 1.8660162822925486e-05,
    "dyna_std": 1.7927170119946823e-05
}