{
    "timescale": 0.7,
    "testnums": 50,
    "lif_mean": 0.0024332429748028517,
    "lif_std": 0.0026366524398326874,
    "dyna_mean": 0.001265746308490634,
    "dyna_std": 0.0011224305490031838
}