{
    "timescale": 2.0,
    "testnums": 50,
    "lif_mean": 0.008115841075778008,
    "lif_std": 0.006067719776183367,
    "dyna_mean": 0.04610206559300423,
    "dyna_std": 0.04935498535633087
}