{
    "timescale": 2.0,
    "testnums": 50,
    "lif_mean": 3.0139769933157368e-06,
    "lif_std": 4.458127023099223e-06,
    "dyna_mean": 1.1269594324403442e-07,
    "dyna_std": 6.452100933529437e-07
}