{
    "timescale": 5.0,
    "testnums": 50,
    "lif_mean": 0.0020628615748137236,
    "lif_std": 0.004002499394118786,
    "dyna_mean": 8.593124948674813e-05,
    "dyna_std": 5.098632027511485e-05
}