{
    "mse_lif": 7.636984082637355e-05,
    "mse_dyna": 7.5623875090968795e-06
}