{
    "mse_lif": 1.6884641809156165e-05,
    "mse_dyna": 3.2066468520497438e-06
}