{
    "mse_lif": 0.0007405618671327829,
    "mse_dyna": 0.000740561808925122
}