{
    "timescale": 0.7,
    "testnums": 50,
    "lif_mean": 0.008724241517484188,
    "lif_std": 0.00508474837988615,
    "dyna_mean": 0.009955815970897675,
    "dyna_std": 0.006219401955604553
}