{
    "timescale": 0.6,
    "testnums": 50,
    "lif_mean": 9.930579835781828e-05,
    "lif_std": 0.00012553000124171376,
    "dyna_mean": 6.426787149393931e-05,
    "dyna_std": 5.87107460887637e-05
}