{
    "timescale": 0.3,
    "testnums": 50,
    "lif_mean": 1.7942224076250568e-05,
    "lif_std": 2.306279020558577e-05,
    "dyna_mean": 2.157398921553977e-05,
    "dyna_std": 3.785507215070538e-05
}