{
    "timescale": 0.3,
    "testnums": 50,
    "lif_mean": 8.536757377441972e-06,
    "lif_std": 3.6503857700154185e-05,
    "dyna_mean": 7.113803235370142e-07,
    "dyna_std": 3.451079010119429e-06
}