{
    "mse_lif": 0.010916664265096188,
    "mse_dyna": 0.0003969203680753708
}