{
    "timescale": 7.0,
    "testnums": 50,
    "lif_mean": 0.0042077312245965,
    "lif_std": 0.0049469866789877415,
    "dyna_mean": 0.00011731457925634459,
    "dyna_std": 5.180273001315072e-05
}