{
    "mse_lif": 0.00011432872270233929,
    "mse_dyna": 1.8428092118938366e-07
}