{
    "timescale": 0.2,
    "testnums": 50,
    "lif_mean": 1.4962062778067775e-05,
    "lif_std": 2.0828858396271244e-05,
    "dyna_mean": 2.6131721824640408e-05,
    "dyna_std": 4.77143403259106e-05
}