{
    "mse_lif": 1.5045315194583964e-05,
    "mse_dyna": 9.399251865715996e-08
}