{
    "mse_lif": 0.000551901466678828,
    "mse_dyna": 7.758466381346807e-06
}