{
    "timescale": 0.9,
    "testnums": 50,
    "lif_mean": 5.251349648460746e-06,
    "lif_std": 9.18708428798709e-06,
    "dyna_mean": 4.2865135583269875e-06,
    "dyna_std": 7.743419701000676e-06
}