{
    "timescale": 0.9,
    "testnums": 50,
    "lif_mean": 2.4568182197981514e-05,
    "lif_std": 2.107708132825792e-05,
    "dyna_mean": 2.1218187612248585e-05,
    "dyna_std": 1.8479959180695005e-05
}