{
    "timescale": 0.4,
    "testnums": 50,
    "lif_mean": 0.0033664905931800604,
    "lif_std": 0.005110034719109535,
    "dyna_mean": 0.000922369014006108,
    "dyna_std": 0.0009264618856832385
}