{
    "timescale": 3.0,
    "testnums": 50,
    "lif_mean": 0.0027921702712774277,
    "lif_std": 0.0033326945267617702,
    "dyna_mean": 0.00011766565876314417,
    "dyna_std": 5.7629022194305435e-05
}