{
    "timescale": 0.2,
    "testnums": 50,
    "lif_mean": 0.010197187773883343,
    "lif_std": 0.01056512538343668,
    "dyna_mean": 0.001942937495186925,
    "dyna_std": 0.0019034437136724591
}