{
    "model": "snn",
    "datatype": "gesture",
    "time-scale": 12,
    "mse_v_mean": 2.425368309020996,
    "mse_v_std": 0.05007874062370475,
    "mse_s_mean": 0.11575180850923061,
    "mse_s_std": 0.0004177061699130438
}