{
    "timescale": 6.0,
    "testnums": 50,
    "lif_mean": 0.0044776080176234245,
    "lif_std": 0.0048525696620345116,
    "dyna_mean": 0.00012506722123362124,
    "dyna_std": 7.578229269711301e-05
}