{
    "mse_lif": 3.442741581238806e-05,
    "mse_dyna": 1.3889477941120276e-06
}