{
    "mse_lif": 0.0003564947110135108,
    "mse_dyna": 1.3884555016829836e-07
}