{
    "mean": 0.7534722222222222,
    "std": 0.08128263826888628,
    "epoch": 344
}