{
    "mean": 0.8888888888888888,
    "std": 0.08974199988416727,
    "epoch": 247
}