{
    "mean": 0.7152777777777778,
    "std": 0.0757549452405258,
    "epoch": 41
}