{
    "mean": 0.8993055555555556,
    "std": 0.09746992255290415,
    "epoch": 289
}