{
    "mean": 0.9027777777777778,
    "std": 0.0757549452405258,
    "epoch": 376
}