{
    "mean": 0.7395833333333334,
    "std": 0.0736569563735987,
    "epoch": 114
}