{
    "mean": 0.7326388888888888,
    "std": 0.06606353330014045,
    "epoch": 84
}