{
    "mean": 0.7465277777777778,
    "std": 0.09252022635051547,
    "epoch": 135
}