{
    "timescale": 0.5,
    "testnums": 2,
    "lif_mean": 4.8759833589429036e-05,
    "lif_std": 2.59950065810699e-05,
    "dyna_mean": 4.728128624265082e-05,
    "dyna_std": 3.8057387428125367e-05
}