{
    "mse_lif": 0.032818570733070374,
    "mse_dyna": 0.032818570733070374
}