{
    "timescale": 0.5,
    "testnums": 1,
    "lif_mean": 8.31142533570528e-05,
    "lif_std": 0.0,
    "dyna_mean": 2.6939598683384247e-05,
    "dyna_std": 0.0
}