{
    "mean": 0.015483776805922389,
    "std": 0.002216182260722431,
    "epoch": 100
}