{
    "timescale": 4.0,
    "testnums": 50,
    "lif_mean": 0.01765378564596176,
    "lif_std": 0.011207936331629753,
    "dyna_mean": 0.5072116851806641,
    "dyna_std": 0.5981131196022034
}