{
    "timescale": 10.0,
    "testnums": 50,
    "lif_mean": 0.002330249175429344,
    "lif_std": 0.0033542634919285774,
    "dyna_mean": 0.2731788158416748,
    "dyna_std": 0.414131760597229
}