{
    "mean": 0.9270833333333334,
    "std": 0.0736569563735987,
    "epoch": 689
}