{
    "timescale": 4.0,
    "testnums": 50,
    "lif_mean": 0.00012960571621078998,
    "lif_std": 0.00032003020169213414,
    "dyna_mean": 4.470550720725441e-06,
    "dyna_std": 6.121976184658706e-06
}