{
    "mse_lif": 0.00037221566890366375,
    "mse_dyna": 1.2532375876617152e-05
}