{
    "timescale": 0.1,
    "testnums": 50,
    "lif_mean": 0.03980858623981476,
    "lif_std": 0.04557880386710167,
    "dyna_mean": 0.023757634684443474,
    "dyna_std": 0.01581406407058239
}