{
    "mse_lif": 4.329964576754719e-05,
    "mse_dyna": 1.2969185547717643e-07
}