{
    "mse_lif": 1.6230129403993487e-05,
    "mse_dyna": 8.561069080315065e-06
}