{
    "timescale": 0.2,
    "testnums": 50,
    "lif_mean": 2.0843188394792378e-05,
    "lif_std": 2.2946467652218416e-05,
    "dyna_mean": 2.784288881230168e-05,
    "dyna_std": 3.509802991175093e-05
}