{
    "timescale": 0.2,
    "testnums": 50,
    "lif_mean": 9.20496677281335e-06,
    "lif_std": 1.4109584299148992e-05,
    "dyna_mean": 8.77298816703842e-07,
    "dyna_std": 2.463704959154711e-06
}