{
    "timescale": 5.0,
    "testnums": 50,
    "lif_mean": 0.003545867744833231,
    "lif_std": 0.004426161292940378,
    "dyna_mean": 0.00010823344928212464,
    "dyna_std": 5.612070526694879e-05
}