{
    "mean": 0.015475660446099937,
    "std": 0.001116577475258776,
    "epoch": 108
}