{
    "mean": 0.013455479289405048,
    "std": 0.001297966069453196,
    "epoch": 193
}