{
    "mse_lif": 0.004658715333789587,
    "mse_dyna": 0.00014700622705277056
}