{
    "timescale": 0.4,
    "testnums": 50,
    "lif_mean": 0.0065802522003650665,
    "lif_std": 0.013654472306370735,
    "dyna_mean": 0.006823412142693996,
    "dyna_std": 0.010001338087022305
}