{
    "mse_lif": 2.9464888939401135e-05,
    "mse_dyna": 2.51051483246556e-06
}