{
    "mse_lif": 8.541083661839366e-05,
    "mse_dyna": 7.941882529394206e-08
}