{
    "timescale": 6.0,
    "testnums": 50,
    "lif_mean": 6.092472631280543e-06,
    "lif_std": 7.2440766416548286e-06,
    "dyna_mean": 1.0204394129686989e-07,
    "dyna_std": 3.96191637719312e-07
}