{
    "mean": 0.0054692021571099755,
    "std": 9.767655219090629e-05,
    "epoch": 185
}