{
    "timescale": 9.0,
    "testnums": 50,
    "lif_mean": 0.0019515316234901547,
    "lif_std": 0.002827035030350089,
    "dyna_mean": 8.394192263949662e-05,
    "dyna_std": 5.172205783310346e-05
}