{
    "mse_lif": 0.001277102273888886,
    "mse_dyna": 0.001277102273888886
}