{
    "timescale": 0.1,
    "testnums": 50,
    "lif_mean": 0.012689032591879368,
    "lif_std": 0.00823030062019825,
    "dyna_mean": 0.027996376156806946,
    "dyna_std": 0.03920287266373634
}