{
    "timescale": 4.0,
    "testnums": 50,
    "lif_mean": 0.003580731339752674,
    "lif_std": 0.006831038277596235,
    "dyna_mean": 0.00011691693362081423,
    "dyna_std": 6.0555415984708816e-05
}