{
    "mse_lif": 1.1178230124642141e-05,
    "mse_dyna": 1.0320272636477057e-08
}