{
    "timescale": 0.1,
    "testnums": 50,
    "lif_mean": 0.0002140513388440013,
    "lif_std": 0.00026267897919751704,
    "dyna_mean": 0.0005160352448001504,
    "dyna_std": 0.0007838680176064372
}