{
    "timescale": 0.1,
    "testnums": 50,
    "lif_mean": 6.559222674695775e-05,
    "lif_std": 7.471629942301661e-05,
    "dyna_mean": 3.217878474970348e-05,
    "dyna_std": 4.787371290149167e-05
}