{
    "timescale": 0.1,
    "testnums": 50,
    "lif_mean": 0.009093988686800003,
    "lif_std": 0.010924320667982101,
    "dyna_mean": 0.0015969781670719385,
    "dyna_std": 0.0015370066976174712
}