{
    "mse_lif": 0.02732831798493862,
    "mse_dyna": 0.0008756982279010117
}