{
    "timescale": 0.8,
    "testnums": 50,
    "lif_mean": 0.006526373792439699,
    "lif_std": 0.017965491861104965,
    "dyna_mean": 0.005631953477859497,
    "dyna_std": 0.015466878190636635
}