{
    "timescale": 0.6,
    "testnums": 50,
    "lif_mean": 0.010000418871641159,
    "lif_std": 0.02239362522959709,
    "dyna_mean": 0.019533539190888405,
    "dyna_std": 0.029186518862843513
}