{
    "mse_lif": 2.9804305086145177e-05,
    "mse_dyna": 5.660432123022474e-08
}