{
    "timescale": 9.0,
    "testnums": 50,
    "lif_mean": 5.839121877215803e-05,
    "lif_std": 0.00011336422903696075,
    "dyna_mean": 3.8172829590621404e-06,
    "dyna_std": 5.136914296599571e-06
}