{
    "mse_lif": 0.055185236036777496,
    "mse_dyna": 0.001969085307791829
}