{
    "mean": 0.005388879496604204,
    "std": 3.81660505222153e-05,
    "epoch": 192
}