{
    "timescale": 0.8,
    "testnums": 50,
    "lif_mean": 0.003687756136059761,
    "lif_std": 0.0045941174030303955,
    "dyna_mean": 0.002124639693647623,
    "dyna_std": 0.002319821622222662
}