{
    "model": "snn",
    "datatype": "gesture",
    "time-scale": 2,
    "mse_v_mean": 0.9591740593314171,
    "mse_v_std": 0.013279636239808103,
    "mse_s_mean": 0.07603986747562885,
    "mse_s_std": 0.00071234101189484
}