{
    "timescale": 0.1,
    "testnums": 50,
    "lif_mean": 0.015486963093280792,
    "lif_std": 0.018293771892786026,
    "dyna_mean": 0.003570458386093378,
    "dyna_std": 0.00476774713024497
}