{
    "mean": 0.9097222222222222,
    "std": 0.09014413184546645,
    "epoch": 391
}