{
    "timescale": 0.9,
    "testnums": 50,
    "lif_mean": 0.006428882945328951,
    "lif_std": 0.017092952504754066,
    "dyna_mean": 0.005960747133940458,
    "dyna_std": 0.015827728435397148
}