{
    "timescale": 0.6,
    "testnums": 50,
    "lif_mean": 0.002295837039127946,
    "lif_std": 0.003240375081077218,
    "dyna_mean": 0.001037186710163951,
    "dyna_std": 0.0010854639112949371
}