{
    "timescale": 0.9,
    "testnums": 50,
    "lif_mean": 0.0025232788175344467,
    "lif_std": 0.002916472963988781,
    "dyna_mean": 0.001983541063964367,
    "dyna_std": 0.0021477313712239265
}