{
    "timescale": 0.3,
    "testnums": 50,
    "lif_mean": 1.2611353668035008e-05,
    "lif_std": 2.2396419808501378e-05,
    "dyna_mean": 1.0313032134945388e-06,
    "dyna_std": 2.294658770551905e-06
}