{
    "mean": 0.8472222222222222,
    "std": 0.08260678648173833,
    "epoch": 95
}