{
    "mse_lif": 5.825501284562051e-05,
    "mse_dyna": 7.362139149336144e-05
}