{
    "mean": 0.0054355251602828504,
    "std": 0.00011947083793825789,
    "epoch": 199
}