{
    "mean": 0.4974645674228668,
    "std": 0.019793068074334272,
    "epoch": 0
}