{
    "timescale": 4.0,
    "testnums": 50,
    "lif_mean": 6.24450040049851e-05,
    "lif_std": 0.00021160450705792755,
    "dyna_mean": 2.6544148568063974e-06,
    "dyna_std": 3.2165310130949365e-06
}