{
    "timescale": 0.1,
    "testnums": 50,
    "lif_mean": 0.0008894836064428091,
    "lif_std": 0.0014315014705061913,
    "dyna_mean": 0.001381598529405892,
    "dyna_std": 0.0020993943326175213
}