{
    "timescale": 0.8,
    "testnums": 50,
    "lif_mean": 0.009883989579975605,
    "lif_std": 0.006995567120611668,
    "dyna_mean": 0.009069417603313923,
    "dyna_std": 0.005690990947186947
}