{
    "timescale": 10.0,
    "testnums": 50,
    "lif_mean": 9.37957736368844e-07,
    "lif_std": 1.87466991974361e-06,
    "dyna_mean": 1.480471070181011e-07,
    "dyna_std": 3.179961538535281e-07
}