{
    "timescale": 0.6,
    "testnums": 50,
    "lif_mean": 0.003247962100431323,
    "lif_std": 0.003426298499107361,
    "dyna_mean": 0.0013795329723507166,
    "dyna_std": 0.001167991547845304
}