{
    "timescale": 0.7,
    "testnums": 50,
    "lif_mean": 5.233256160863675e-05,
    "lif_std": 7.17387956683524e-05,
    "dyna_mean": 2.6619492928148247e-05,
    "dyna_std": 2.8588527129613794e-05
}