{
    "timescale": 0.8,
    "testnums": 50,
    "lif_mean": 5.1726408855756745e-05,
    "lif_std": 5.404822513810359e-05,
    "dyna_mean": 3.3977696148213e-05,
    "dyna_std": 3.2249030482489616e-05
}