{
    "timescale": 6.0,
    "testnums": 50,
    "lif_mean": 6.458852794821723e-07,
    "lif_std": 2.641072342157713e-06,
    "dyna_mean": 4.8976058764083064e-08,
    "dyna_std": 1.3895186157242279e-07
}