{
    "timescale": 6.0,
    "testnums": 50,
    "lif_mean": 5.360913564800285e-05,
    "lif_std": 0.00013270862109493464,
    "dyna_mean": 2.9145428470656043e-06,
    "dyna_std": 3.5564321478886995e-06
}