{
    "mse_lif": 0.003350635292008519,
    "mse_dyna": 2.717276402108837e-06
}