{
    "mse_lif": 2.6885258193942718e-05,
    "mse_dyna": 6.057181280993973e-07
}