{
    "mse_lif": 2.2704325601807795e-05,
    "mse_dyna": 1.6805901736915985e-07
}