{
    "timescale": 10.0,
    "testnums": 50,
    "lif_mean": 0.0007448082906194031,
    "lif_std": 0.000878098129760474,
    "dyna_mean": 1.7790418496588245e-05,
    "dyna_std": 1.2883380804851186e-05
}