{
    "mse_lif": 4.8308725126844365e-06,
    "mse_dyna": 4.2379490139410336e-08
}