{
    "mse_lif": 0.0006658209604211152,
    "mse_dyna": 2.2436016422489047e-07
}