{
    "timescale": 9.0,
    "testnums": 50,
    "lif_mean": 1.9239610082877334e-06,
    "lif_std": 6.917283371876692e-06,
    "dyna_mean": 1.8018505443251343e-07,
    "dyna_std": 5.667461095981707e-07
}