{
    "timescale": 9.0,
    "testnums": 50,
    "lif_mean": 3.418279447942041e-05,
    "lif_std": 5.346411853679456e-05,
    "dyna_mean": 3.441670742176939e-06,
    "dyna_std": 4.604433343047276e-06
}