{
    "timescale": 2.0,
    "testnums": 50,
    "lif_mean": 0.0016040550544857979,
    "lif_std": 0.0018453184748068452,
    "dyna_mean": 8.247015648521483e-05,
    "dyna_std": 4.655079828808084e-05
}