{
    "mse_lif": 2.975135612359736e-05,
    "mse_dyna": 3.373875188117381e-06
}