{
    "mse_lif": 4.349482696852647e-05,
    "mse_dyna": 3.987304808106273e-06
}