{
    "mean": 0.0056727991439402105,
    "std": 0.00015830533319196598,
    "epoch": 158
}