{
    "mean": 0.008615116961300373,
    "std": 0.00012356453376314455,
    "epoch": 49
}