{
    "mse_lif": 0.003480278654024005,
    "mse_dyna": 0.00012581312330439687
}