{
    "mse_lif": 2.4216778911068104e-05,
    "mse_dyna": 2.6241157229378587e-06
}