{
    "mse_lif": 5.4903070122236386e-05,
    "mse_dyna": 1.8830807675840333e-05
}