{
    "model": "model_epoch_380.pth",
    "mean": 0.9166666666666666,
    "std": 0.08715208609729953
}