{
    "mean": 0.9270833333333334,
    "std": 0.0858980338670346
}