{
    "timescale": 0.5,
    "testnums": 50,
    "lif_mean": 0.0009490422089584172,
    "lif_std": 0.00246216868981719,
    "dyna_mean": 0.0005966660683043301,
    "dyna_std": 0.0016888536047190428
}