{
    "mean": 0.894675925925926,
    "std": 0.04970118183699973,
    "epoch": 36
}