{
    "mean": 0.9224537037037037,
    "std": 0.06806106679624609,
    "epoch": 331
}