{
    "mean": 0.096875,
    "std": 0.015309310892394862,
    "epoch": 0
}