{
    "mean": 0.63125,
    "std": 0.03775951866748304,
    "epoch": 463
}