{
    "timescale": 0.3,
    "testnums": 50,
    "lif_mean": 0.0001086699849111028,
    "lif_std": 0.00012199090997455642,
    "dyna_mean": 0.0003173815202899277,
    "dyna_std": 0.0007013970171101391
}