{
    "timescale": 0.6,
    "testnums": 50,
    "lif_mean": 0.0022273489739745855,
    "lif_std": 0.002919683465734124,
    "dyna_mean": 0.0010642129927873611,
    "dyna_std": 0.0009224182576872408
}