{
    "timescale": 4.0,
    "testnums": 50,
    "lif_mean": 6.540952017530799e-05,
    "lif_std": 0.0001073756575351581,
    "dyna_mean": 2.8801011922041653e-06,
    "dyna_std": 3.7151378364796983e-06
}