{
    "timescale": 5.0,
    "testnums": 50,
    "lif_mean": 0.001255491399206221,
    "lif_std": 0.0023919101804494858,
    "dyna_mean": 7.658648974029347e-05,
    "dyna_std": 8.61414082464762e-05
}