{
    "mean": 0.7326388888888888,
    "std": 0.04195502074164782,
    "epoch": 504
}