{
    "timescale": 0.4,
    "testnums": 50,
    "lif_mean": 0.0065599833615124226,
    "lif_std": 0.006482405588030815,
    "dyna_mean": 0.0013583467807620764,
    "dyna_std": 0.0010361431632190943
}