{
    "timescale": 0.4,
    "testnums": 50,
    "lif_mean": 5.445797069114633e-05,
    "lif_std": 6.971064431127161e-05,
    "dyna_mean": 1.542529025755357e-05,
    "dyna_std": 1.6111593140522018e-05
}