{
    "mean": 0.023379861610010266,
    "std": 0.0014484681258472526,
    "epoch": 199
}