{
    "mean": 0.05564047256484628,
    "std": 0.0025416634556085834,
    "epoch": 44
}