{
    "model": "dynamic-snn",
    "datatype": "gesture",
    "time-scale": 12,
    "mse_v_mean": 0.2813480496406555,
    "mse_v_std": 0.0,
    "mse_s_mean": 0.09491916745901108,
    "mse_s_std": 0.0
}