{
    "timescale": 10.0,
    "testnums": 50,
    "lif_mean": 0.005042202305048704,
    "lif_std": 0.00582020403817296,
    "dyna_mean": 0.00012708234135061502,
    "dyna_std": 6.813336949562654e-05
}