{
    "timescale": 0.9,
    "testnums": 50,
    "lif_mean": 0.00016650692850816995,
    "lif_std": 0.00025511812418699265,
    "dyna_mean": 0.00011693120904965326,
    "dyna_std": 0.00015490879013668746
}