{
    "timescale": 8.0,
    "testnums": 50,
    "lif_mean": 0.0026951758190989494,
    "lif_std": 0.0061285593546926975,
    "dyna_mean": 0.0003976729931309819,
    "dyna_std": 0.0008524716831743717
}