{
    "timescale": 7.0,
    "testnums": 50,
    "lif_mean": 0.018268993124365807,
    "lif_std": 0.0179110337048769,
    "dyna_mean": 2.136448383331299,
    "dyna_std": 2.8678696155548096
}