{
    "timescale": 3.0,
    "testnums": 50,
    "lif_mean": 0.014683306217193604,
    "lif_std": 0.012003079988062382,
    "dyna_mean": 0.18919575214385986,
    "dyna_std": 0.18558631837368011
}