{
    "timescale": 0.2,
    "testnums": 50,
    "lif_mean": 1.7371357898809947e-05,
    "lif_std": 2.1890229618293233e-05,
    "dyna_mean": 3.8881658838363364e-05,
    "dyna_std": 6.738095544278622e-05
}