{
    "timescale": 5.0,
    "testnums": 50,
    "lif_mean": 9.462135608373501e-07,
    "lif_std": 4.17048659073771e-06,
    "dyna_mean": 7.112073774351302e-08,
    "dyna_std": 2.814750814650324e-07
}