{
    "timescale": 5.0,
    "testnums": 50,
    "lif_mean": 5.937216701568104e-05,
    "lif_std": 0.00010045618546428159,
    "dyna_mean": 2.801540176733397e-06,
    "dyna_std": 3.5414018384472e-06
}