{
    "timescale": 7.0,
    "testnums": 50,
    "lif_mean": 7.57882787638664e-07,
    "lif_std": 2.4481123546138406e-06,
    "dyna_mean": 9.500715947297067e-08,
    "dyna_std": 3.30594957631547e-07
}