{
    "timescale": 0.3,
    "testnums": 50,
    "lif_mean": 1.916148903546855e-05,
    "lif_std": 2.534704253775999e-05,
    "dyna_mean": 3.354397995281033e-05,
    "dyna_std": 7.46567893656902e-05
}