{
    "mse_lif": 1.8266140614286996e-05,
    "mse_dyna": 6.1121418184484355e-06
}