{
    "mse_lif": 9.24398482311517e-05,
    "mse_dyna": 9.189569283307719e-08
}