{
    "mse_lif": 9.787498856894672e-05,
    "mse_dyna": 0.00010229332110611722
}