{
    "timescale": 0.2,
    "testnums": 50,
    "lif_mean": 6.10093002251233e-06,
    "lif_std": 8.073540811892599e-06,
    "dyna_mean": 1.6739853663239046e-06,
    "dyna_std": 1.5556267953797942e-06
}