{
    "max": {
        "target_x": 0.01758690057572354,
        "target_y": 0.0175869005757233
    },
    "min": {
        "target_x": -0.01758690057572354,
        "target_y": -0.017586900575723402
    }
}