{
    "timescale": 5.0,
    "testnums": 50,
    "lif_mean": 0.0022005175705999136,
    "lif_std": 0.0034402997698634863,
    "dyna_mean": 8.147493645083159e-05,
    "dyna_std": 4.751978849526495e-05
}