{
    "timescale": 7.0,
    "testnums": 50,
    "lif_mean": 7.341027981055959e-07,
    "lif_std": 2.397423941147281e-06,
    "dyna_mean": 1.1985970616024133e-07,
    "dyna_std": 4.334937102612457e-07
}