{
    "timescale": 7.0,
    "testnums": 50,
    "lif_mean": 7.076624024193734e-05,
    "lif_std": 0.00014429491420742124,
    "dyna_mean": 3.2094687867356697e-06,
    "dyna_std": 4.4887265175930224e-06
}