{
    "mse_lif": 0.006182029843330383,
    "mse_dyna": 0.006182029843330383
}