{
    "mse_lif": 0.0003797195677179843,
    "mse_dyna": 0.0003797195677179843
}