{
    "timescale": 7.0,
    "testnums": 50,
    "lif_mean": 0.0023638501297682524,
    "lif_std": 0.003144002752378583,
    "dyna_mean": 0.17618583142757416,
    "dyna_std": 0.27108529210090637
}