{
    "timescale": 6.0,
    "testnums": 50,
    "lif_mean": 0.014109160751104355,
    "lif_std": 0.012489971704781055,
    "dyna_mean": 0.8723198175430298,
    "dyna_std": 0.9522966146469116
}