{
    "mse_lif": 2.941292586911004e-05,
    "mse_dyna": 4.2259853216819465e-06
}