{
    "timescale": 6.0,
    "testnums": 50,
    "lif_mean": 0.005077715963125229,
    "lif_std": 0.005585774779319763,
    "dyna_mean": 0.0001359578309347853,
    "dyna_std": 7.095697947079316e-05
}