{
    "timescale": 0.5,
    "testnums": 50,
    "lif_mean": 0.00041601245175115764,
    "lif_std": 0.00036636338336393237,
    "dyna_mean": 0.00048655428690835834,
    "dyna_std": 0.0006955190328881145
}