{
    "mse_lif": 1.8419266780256294e-05,
    "mse_dyna": 7.082783668010961e-06
}