{
    "mse_lif": 4.973066461388953e-05,
    "mse_dyna": 9.163944014289882e-06
}