{
    "timescale": 0.9,
    "testnums": 50,
    "lif_mean": 2.3093216441338882e-05,
    "lif_std": 2.0789919290109538e-05,
    "dyna_mean": 1.9504826923366636e-05,
    "dyna_std": 1.698563210084103e-05
}