{
    "timescale": 0.4,
    "testnums": 50,
    "lif_mean": 0.0035048499703407288,
    "lif_std": 0.0040625170804560184,
    "dyna_mean": 0.0009549803799018264,
    "dyna_std": 0.000809407967608422
}