{
    "mse_lif": 7.392922611870745e-07,
    "mse_dyna": 4.886194115982789e-09
}