{
    "timescale": 2.0,
    "testnums": 50,
    "lif_mean": 0.000798491295427084,
    "lif_std": 0.0010857639135792851,
    "dyna_mean": 4.940335202263668e-05,
    "dyna_std": 3.004437530762516e-05
}