{
    "mse_lif": 0.0005198161234147847,
    "mse_dyna": 1.6674609071287705e-07
}