{
    "mse_lif": 6.038001083652489e-05,
    "mse_dyna": 4.972478109266376e-07
}