{
    "timescale": 8.0,
    "testnums": 50,
    "lif_mean": 0.002697521122172475,
    "lif_std": 0.0029156822711229324,
    "dyna_mean": 0.22514405846595764,
    "dyna_std": 0.2846175730228424
}