{
    "mse_lif": 3.605894016800448e-05,
    "mse_dyna": 2.1046455003670417e-05
}