{
    "timescale": 0.6,
    "testnums": 50,
    "lif_mean": 0.008261165581643581,
    "lif_std": 0.0066981068812310696,
    "dyna_mean": 0.012190175242722034,
    "dyna_std": 0.01546795479953289
}