{
    "mse_lif": 0.0039513190276920795,
    "mse_dyna": 0.003988795448094606
}