{
    "mean": 0.0036884626606479287,
    "std": 0.0011365952668711543,
    "epoch": 98
}