{
    "mse_lif": 0.00012795224029105157,
    "mse_dyna": 2.0065506589617144e-07
}