{
    "timescale": 0.6,
    "testnums": 50,
    "lif_mean": 0.010194008238613605,
    "lif_std": 0.007858142256736755,
    "dyna_mean": 0.012695725075900555,
    "dyna_std": 0.010247991420328617
}