{
    "timescale": 0.9,
    "testnums": 50,
    "lif_mean": 4.254898158251308e-06,
    "lif_std": 6.831885002611671e-06,
    "dyna_mean": 3.4329138998145936e-06,
    "dyna_std": 5.80729465582408e-06
}