{
    "mse_lif": 0.00019205507123842835,
    "mse_dyna": 0.00019205507123842835
}