{
    "mean": 0.8055555555555556,
    "std": 0.07183389189436529,
    "epoch": 733
}