{
    "mse_lif": 4.013336729258299e-05,
    "mse_dyna": 1.6112837784021394e-06
}