{
    "mse_lif": 5.493147182278335e-05,
    "mse_dyna": 3.5495795600581914e-06
}