{
    "timescale": 0.4,
    "testnums": 50,
    "lif_mean": 0.006299181375652552,
    "lif_std": 0.012574361637234688,
    "dyna_mean": 0.0026656528934836388,
    "dyna_std": 0.00532295648008585
}