{
    "timescale": 10.0,
    "testnums": 50,
    "lif_mean": 0.001459668972529471,
    "lif_std": 0.0033385842107236385,
    "dyna_mean": 8.011343743419275e-05,
    "dyna_std": 9.610826964490116e-05
}