{
    "mean": 0.8333333333333334,
    "std": 0.10311973892303818,
    "epoch": 472
}