{
    "mse_lif": 0.0032703587785363197,
    "mse_dyna": 0.0032703587785363197
}