{
    "timescale": 7.0,
    "testnums": 50,
    "lif_mean": 6.641604704782367e-05,
    "lif_std": 0.00015237533079925925,
    "dyna_mean": 2.4544892767153215e-06,
    "dyna_std": 5.070474344393006e-06
}