{
    "mse_lif": 4.463619916350581e-05,
    "mse_dyna": 2.8951512831554282e-06
}