{
    "timescale": 0.8,
    "testnums": 50,
    "lif_mean": 0.005567559506744146,
    "lif_std": 0.012730671092867851,
    "dyna_mean": 0.004792131949216127,
    "dyna_std": 0.01100615318864584
}