{
    "timescale": 0.7,
    "testnums": 50,
    "lif_mean": 3.0484168746625073e-05,
    "lif_std": 2.7399981263442896e-05,
    "dyna_mean": 1.792915463738609e-05,
    "dyna_std": 1.458332462789258e-05
}