{
    "mse_lif": 0.004406013060361147,
    "mse_dyna": 0.004253484308719635
}