{
    "timescale": 3.0,
    "testnums": 50,
    "lif_mean": 1.2590261349032517e-06,
    "lif_std": 4.9288069021713454e-06,
    "dyna_mean": 1.0901845826083445e-07,
    "dyna_std": 3.639808312527748e-07
}