{
    "mse_lif": 0.00044454316957853734,
    "mse_dyna": 7.694637133681681e-06
}