{
    "mse_lif": 7.629083120264113e-05,
    "mse_dyna": 6.63755854475312e-05
}