{
    "mean": 0.01738576404750347,
    "std": 0.0015100539283406855,
    "epoch": 184
}