{
    "timescale": 0.1,
    "testnums": 50,
    "lif_mean": 0.000255973864113912,
    "lif_std": 0.0004351241223048419,
    "dyna_mean": 5.9953494201181456e-05,
    "dyna_std": 6.538785964949057e-05
}