{
    "mse_lif": 0.019727885723114014,
    "mse_dyna": 0.0006515911663882434
}