{
    "mse_lif": 1.1000924132531509e-05,
    "mse_dyna": 8.426051863352768e-06
}