{
    "timescale": 0.3,
    "testnums": 3,
    "lif_mean": 7.622382690897211e-05,
    "lif_std": 5.889751264476217e-05,
    "dyna_mean": 3.330115941935219e-05,
    "dyna_std": 3.4966913517564535e-05
}