{
    "timescale": 5.0,
    "testnums": 10,
    "lif_mean": 9.448056516703218e-05,
    "lif_std": 0.00016143331595230848,
    "dyna_mean": 4.225029442750383e-06,
    "dyna_std": 5.038128165324451e-06
}