{
    "timescale": 2.0,
    "testnums": 3,
    "lif_mean": 7.931752406875603e-06,
    "lif_std": 4.8311371756426524e-06,
    "dyna_mean": 1.2262579502930748e-06,
    "dyna_std": 1.621199089640868e-06
}