{
    "timescale": 9.0,
    "testnums": 50,
    "lif_mean": 0.00015604701184201986,
    "lif_std": 0.0003723803674802184,
    "dyna_mean": 4.6396748984989244e-06,
    "dyna_std": 5.366346158552915e-06
}