{
    "timescale": 5.0,
    "testnums": 50,
    "lif_mean": 0.0011003277031704783,
    "lif_std": 0.0024028231855481863,
    "dyna_mean": 7.421578629873693e-05,
    "dyna_std": 8.655637793708593e-05
}