{
    "mse_lif": 0.007072384934872389,
    "mse_dyna": 0.007072384934872389
}