{
    "mean": 0.006893721409142017,
    "std": 0.0012020508798529445,
    "epoch": 192
}