{
    "timescale": 0.7,
    "testnums": 50,
    "lif_mean": 2.3132046408136375e-05,
    "lif_std": 2.5597337298677303e-05,
    "dyna_mean": 1.3576512174040545e-05,
    "dyna_std": 1.486324254074134e-05
}