{
    "timescale": 0.7,
    "testnums": 50,
    "lif_mean": 2.007927605518489e-06,
    "lif_std": 5.15442252435605e-06,
    "dyna_mean": 7.496080911550962e-07,
    "dyna_std": 2.319987061127904e-06
}