{
    "mean": 0.78125,
    "std": 0.13258252147247765,
    "epoch": 752
}