{
    "timescale": 9.0,
    "testnums": 50,
    "lif_mean": 6.525624030473409e-06,
    "lif_std": 1.1281102160864975e-05,
    "dyna_mean": 8.457890743329699e-08,
    "dyna_std": 2.4783665253380605e-07
}