{
    "timescale": 6.0,
    "testnums": 50,
    "lif_mean": 0.004927293863147497,
    "lif_std": 0.012933650985360146,
    "dyna_mean": 0.0007170783937908709,
    "dyna_std": 0.0017005347181111574
}