{
    "timescale": 0.1,
    "testnums": 50,
    "lif_mean": 0.00022519539925269783,
    "lif_std": 0.0003239173674955964,
    "dyna_mean": 0.0005679186433553696,
    "dyna_std": 0.0008666376234032214
}