{
    "timescale": 0.1,
    "testnums": 50,
    "lif_mean": 5.8885201724478975e-05,
    "lif_std": 6.18217236478813e-05,
    "dyna_mean": 2.5934738005162217e-05,
    "dyna_std": 3.127516538370401e-05
}