{
    "timescale": 0.2,
    "testnums": 50,
    "lif_mean": 6.956961442483589e-05,
    "lif_std": 7.884266233304515e-05,
    "dyna_mean": 1.7801672584027983e-05,
    "dyna_std": 1.8311078747501597e-05
}