{
    "timescale": 8.0,
    "testnums": 50,
    "lif_mean": 5.4512976930709556e-05,
    "lif_std": 9.428177872905508e-05,
    "dyna_mean": 2.15881118492689e-06,
    "dyna_std": 3.114148285021656e-06
}