{
    "timescale": 8.0,
    "testnums": 50,
    "lif_mean": 3.584695207337063e-07,
    "lif_std": 1.2617799711733824e-06,
    "dyna_mean": 4.172055767526217e-08,
    "dyna_std": 1.3045466573657905e-07
}