{
    "mse_lif": 0.004684904590249062,
    "mse_dyna": 0.004684904590249062
}