{
    "timescale": 0.9,
    "testnums": 50,
    "lif_mean": 2.0995776139898226e-05,
    "lif_std": 2.5110173737630248e-05,
    "dyna_mean": 1.710742071736604e-05,
    "dyna_std": 1.9447566955932416e-05
}