{
    "mse_lif": 3.9892096538096666e-05,
    "mse_dyna": 3.096803993685171e-06
}