{
    "mean": 0.78125,
    "std": 0.05676844413932797,
    "epoch": 397
}