{
    "mse_lif": 0.004587085917592049,
    "mse_dyna": 0.00015018296835478395
}