{
    "timescale": 0.4,
    "testnums": 50,
    "lif_mean": 0.00016379370936192572,
    "lif_std": 0.0002570247743278742,
    "dyna_mean": 2.945969572465401e-05,
    "dyna_std": 3.2278050639433786e-05
}