{
    "mean": 0.8368055555555556,
    "std": 0.08038775626937657,
    "epoch": 353
}