{
    "timescale": 0.7,
    "testnums": 50,
    "lif_mean": 0.0028489502146840096,
    "lif_std": 0.005416627507656813,
    "dyna_mean": 0.0019787256605923176,
    "dyna_std": 0.0037084498908370733
}