{
    "mean": 0.74375,
    "std": 0.0930179754133576,
    "epoch": 716
}