{
    "timescale": 0.6,
    "testnums": 50,
    "lif_mean": 0.0006945228087715805,
    "lif_std": 0.0016286838799715042,
    "dyna_mean": 0.00038365088403224945,
    "dyna_std": 0.00039878737879917026
}