{
    "mean": 0.03432864090427756,
    "std": 0.001630955488731145,
    "epoch": 18
}