{
    "mean": 0.014033060055226088,
    "std": 0.0005840489238442202,
    "epoch": 158
}