{
    "timescale": 3.0,
    "testnums": 50,
    "lif_mean": 3.846461186185479e-05,
    "lif_std": 8.985575550468639e-05,
    "dyna_mean": 2.7396040422900114e-06,
    "dyna_std": 3.574052470867173e-06
}