{
    "timescale": 3.0,
    "testnums": 50,
    "lif_mean": 8.165268923221447e-07,
    "lif_std": 2.681660134840058e-06,
    "dyna_mean": 9.544397272520655e-08,
    "dyna_std": 3.7761213889098144e-07
}