{
    "mean": 0.00579507431636254,
    "std": 0.0007500772250887906,
    "epoch": 161
}