{
    "mean": 0.00547838443890214,
    "std": 0.0006221525304900374,
    "epoch": 181
}