{
    "timescale": 0.4,
    "testnums": 50,
    "lif_mean": 2.5668341550044715e-05,
    "lif_std": 3.788560934481211e-05,
    "dyna_mean": 2.3538286768598482e-05,
    "dyna_std": 3.320235191495158e-05
}