{
    "timescale": 4.0,
    "testnums": 50,
    "lif_mean": 0.00180404435377568,
    "lif_std": 0.0024772658944129944,
    "dyna_mean": 6.877805572003126e-05,
    "dyna_std": 4.5999935537111014e-05
}