{
    "mse_lif": 0.014168230816721916,
    "mse_dyna": 0.00045687108649872243
}