{
    "mean": 0.49826942682266234,
    "std": 0.004923374558329022,
    "epoch": 3
}