{
    "mean": 0.005822865664958954,
    "std": 0.0005679352943412546,
    "epoch": 93
}