{
    "mean": 0.010792152024805546,
    "std": 0.0009333926789461877,
    "epoch": 24
}