{
    "mean": 0.9097222222222222,
    "std": 0.07430880055219687,
    "epoch": 379
}