{
    "timescale": 10.0,
    "testnums": 50,
    "lif_mean": 0.0025490629486739635,
    "lif_std": 0.002972822170704603,
    "dyna_mean": 8.028965385165066e-05,
    "dyna_std": 4.24465979449451e-05
}