{
    "timescale": 0.6,
    "testnums": 50,
    "lif_mean": 8.39105632621795e-05,
    "lif_std": 0.00013411190593615174,
    "dyna_mean": 3.2835941965458915e-05,
    "dyna_std": 3.139512409688905e-05
}