{
    "timescale": 0.3,
    "testnums": 50,
    "lif_mean": 0.00016471685376018286,
    "lif_std": 0.0002225089119747281,
    "dyna_mean": 2.7966070774709806e-05,
    "dyna_std": 2.447806400596164e-05
}