{
    "timescale": 0.2,
    "testnums": 50,
    "lif_mean": 0.00010990026203216985,
    "lif_std": 0.0001263515732716769,
    "dyna_mean": 2.505922384443693e-05,
    "dyna_std": 3.507784640532918e-05
}