{
    "timescale": 0.5,
    "testnums": 50,
    "lif_mean": 4.3289881432428956e-05,
    "lif_std": 4.529043872025795e-05,
    "dyna_mean": 1.2604790754267015e-05,
    "dyna_std": 1.2840795534430072e-05
}