{
    "timescale": 5.0,
    "testnums": 50,
    "lif_mean": 5.704703653464094e-05,
    "lif_std": 0.00010826198558788747,
    "dyna_mean": 5.762722594226943e-06,
    "dyna_std": 8.362860171473585e-06
}