{
    "timescale": 0.7,
    "testnums": 50,
    "lif_mean": 0.00011742929928004742,
    "lif_std": 0.00022299944248516113,
    "dyna_mean": 5.413317558122799e-05,
    "dyna_std": 8.362100197700784e-05
}