{
    "timescale": 0.9,
    "testnums": 50,
    "lif_mean": 7.370454841293395e-05,
    "lif_std": 0.00014901395479682833,
    "dyna_mean": 6.206842954270542e-05,
    "dyna_std": 0.00011769479897338897
}