{
    "timescale": 4.0,
    "testnums": 50,
    "lif_mean": 0.00011865557462442666,
    "lif_std": 0.00023469988082069904,
    "dyna_mean": 5.18037450092379e-06,
    "dyna_std": 7.561481197626563e-06
}