{
    "timescale": 10.0,
    "testnums": 50,
    "lif_mean": 8.542392606614158e-05,
    "lif_std": 0.0001788985973689705,
    "dyna_mean": 3.893590928782942e-06,
    "dyna_std": 6.894495527376421e-06
}