{
    "timescale": 6.0,
    "testnums": 50,
    "lif_mean": 8.46629191073589e-05,
    "lif_std": 0.00013616321666631848,
    "dyna_mean": 3.336190729896771e-06,
    "dyna_std": 7.6025530688639265e-06
}