{
    "timescale": 9.0,
    "testnums": 50,
    "lif_mean": 0.00015766627620905638,
    "lif_std": 0.0004227863682899624,
    "dyna_mean": 4.632995569409104e-06,
    "dyna_std": 6.8112940425635315e-06
}