{
    "timescale": 2.0,
    "testnums": 50,
    "lif_mean": 3.3202868507942185e-05,
    "lif_std": 5.693459024769254e-05,
    "dyna_mean": 2.91230912807805e-06,
    "dyna_std": 4.207125584798632e-06
}