{
    "timescale": 0.8,
    "testnums": 50,
    "lif_mean": 4.6824916353216395e-05,
    "lif_std": 4.466609243536368e-05,
    "dyna_mean": 3.80876190320123e-05,
    "dyna_std": 3.332715277792886e-05
}