{
    "timescale": 7.0,
    "testnums": 50,
    "lif_mean": 0.00015048762725200504,
    "lif_std": 0.00030915183015167713,
    "dyna_mean": 3.290473159722751e-06,
    "dyna_std": 6.13161728324485e-06
}