{
    "timescale": 0.4,
    "testnums": 50,
    "lif_mean": 0.00014635181287303567,
    "lif_std": 0.00030133305699564517,
    "dyna_mean": 4.011272903881036e-05,
    "dyna_std": 4.357537909527309e-05
}