{
    "timescale": 3.0,
    "testnums": 50,
    "lif_mean": 7.821757026249543e-05,
    "lif_std": 0.00016697017417754978,
    "dyna_mean": 2.983266540468321e-06,
    "dyna_std": 4.512144641921623e-06
}