{
    "timescale": 8.0,
    "testnums": 50,
    "lif_mean": 0.00016699772095307708,
    "lif_std": 0.00037046257057227194,
    "dyna_mean": 4.696643372881226e-06,
    "dyna_std": 7.356116839218885e-06
}