{
    "timescale": 0.3,
    "testnums": 50,
    "lif_mean": 0.011725865304470062,
    "lif_std": 0.008715054951608181,
    "dyna_mean": 0.02209862694144249,
    "dyna_std": 0.024714557453989983
}