{
    "mse_lif": 0.005559373181313276,
    "mse_dyna": 0.005559373181313276
}