{
    "mse_lif": 4.816138243768364e-05,
    "mse_dyna": 4.1932150907086907e-07
}