{
    "mse_lif": 3.7667457945644855e-05,
    "mse_dyna": 4.1476667433926195e-07
}