{
    "mse_lif": 0.0022968018893152475,
    "mse_dyna": 8.86633586105745e-07
}