{
    "mean": 0.9027777777777778,
    "std": 0.06821834272357118,
    "epoch": 631
}