{
    "timescale": 7.0,
    "testnums": 50,
    "lif_mean": 0.0031277406960725784,
    "lif_std": 0.005783858709037304,
    "dyna_mean": 0.0004832593258470297,
    "dyna_std": 0.000824976246803999
}