{
    "mse_lif": 0.005648611579090357,
    "mse_dyna": 0.0056485324166715145
}