{
    "mse_lif": 3.789224865613505e-05,
    "mse_dyna": 6.759938742106897e-07
}