{
    "mse_lif": 5.640847666654736e-05,
    "mse_dyna": 5.074793807580136e-05
}