{
    "timescale": 10.0,
    "testnums": 50,
    "lif_mean": 4.809792517335154e-05,
    "lif_std": 0.00013056529860477895,
    "dyna_mean": 2.884606601583073e-06,
    "dyna_std": 3.790144546655938e-06
}