{
    "timescale": 6.0,
    "testnums": 50,
    "lif_mean": 5.8765388530446216e-05,
    "lif_std": 0.0001501629885751754,
    "dyna_mean": 3.255847332184203e-06,
    "dyna_std": 4.876161710853921e-06
}