{
    "mean": 0.8333333333333334,
    "std": 0.10416666666666667,
    "epoch": 731
}