{
    "mean": 0.7986111111111112,
    "std": 0.12936066673748026,
    "epoch": 404
}