{
    "timescale": 4.0,
    "testnums": 50,
    "lif_mean": 0.0018677562475204468,
    "lif_std": 0.002465047175064683,
    "dyna_mean": 8.58319181133993e-05,
    "dyna_std": 4.605417780112475e-05
}