{
    "timescale": 9.0,
    "testnums": 50,
    "lif_mean": 3.25795917888172e-05,
    "lif_std": 4.848262688028626e-05,
    "dyna_mean": 3.1087076877156505e-06,
    "dyna_std": 3.7926963614154374e-06
}