{
    "mse_lif": 1.6082904039649293e-05,
    "mse_dyna": 7.039231149974512e-06
}