{
    "timescale": 0.4,
    "testnums": 50,
    "lif_mean": 0.004599227104336023,
    "lif_std": 0.009292015805840492,
    "dyna_mean": 0.00193379248958081,
    "dyna_std": 0.0036951976362615824
}