{
    "mse_lif": 3.645145989139564e-05,
    "mse_dyna": 2.3685061023570597e-05
}