{
    "mean": 0.043829905800521374,
    "std": 0.018614680506289005,
    "epoch": 99
}