{
    "mean": 0.03067784197628498,
    "std": 0.005521388724446297,
    "epoch": 106
}