{
    "mean": 0.8958333333333334,
    "std": 0.09316949906249122,
    "epoch": 661
}