{
    "model": "dynamic-snn",
    "datatype": "gesture",
    "time-scale": 2,
    "mse_v_mean": 0.041140466928482056,
    "mse_v_std": 0.0,
    "mse_s_mean": 0.11151515692472458,
    "mse_s_std": 0.0
}