{
    "max": {
        "endpos_x": 0.6999999999985628,
        "endpos_y": 0.3037119818745392
    },
    "min": {
        "endpos_x": 0.3000000000730606,
        "endpos_y": -0.2999999999979577
    }
}