{
    "model": "snn",
    "datatype": "gesture",
    "time-scale": 2,
    "mse_v_mean": 1.7681363105773926,
    "mse_v_std": 0.031273112850609554,
    "mse_s_mean": 0.07455662488937378,
    "mse_s_std": 0.0007423847832133617
}