{
    "timescale": 0.8,
    "testnums": 50,
    "lif_mean": 0.0037834933027625084,
    "lif_std": 0.0039036229718476534,
    "dyna_mean": 0.002140589989721775,
    "dyna_std": 0.002002520253881812
}