{
    "timescale": 7.0,
    "testnums": 50,
    "lif_mean": 0.008288723416626453,
    "lif_std": 0.014810062013566494,
    "dyna_mean": 0.0011369347339496017,
    "dyna_std": 0.0018946678610518575
}