{
    "timescale": 0.5,
    "testnums": 50,
    "lif_mean": 0.0018184983637183905,
    "lif_std": 0.0021070423536002636,
    "dyna_mean": 0.00031148060224950314,
    "dyna_std": 0.0002700216427911073
}