{
    "mse_lif": 5.5232158047147095e-06,
    "mse_dyna": 1.0897089453010267e-07
}