{
    "mse_lif": 8.77185448189266e-05,
    "mse_dyna": 1.999189720436334e-07
}