{
    "timescale": 0.8,
    "testnums": 50,
    "lif_mean": 0.015801940113306046,
    "lif_std": 0.027070583775639534,
    "dyna_mean": 0.0146508002653718,
    "dyna_std": 0.025103934109210968
}