{
    "timescale": 0.5,
    "testnums": 50,
    "lif_mean": 1.5455050743184984e-05,
    "lif_std": 1.7003090761136264e-05,
    "dyna_mean": 1.4554562767443713e-05,
    "dyna_std": 1.7884914996102452e-05
}