{
    "timescale": 0.5,
    "testnums": 50,
    "lif_mean": 4.167051883996464e-06,
    "lif_std": 8.583416274632327e-06,
    "dyna_mean": 9.808018148760311e-07,
    "dyna_std": 2.6734569473774172e-06
}