{
    "mse_lif": 0.0027253450825810432,
    "mse_dyna": 2.2087797333369963e-06
}