{
    "timescale": 0.6,
    "testnums": 50,
    "lif_mean": 0.0006607691757380962,
    "lif_std": 0.0010589901357889175,
    "dyna_mean": 0.00043646374251693487,
    "dyna_std": 0.0004918582853861153
}