{
    "mean": 0.00607924098148942,
    "std": 0.00041439866212793973,
    "epoch": 188
}