{
    "mean": 0.012075292505323887,
    "std": 0.0006526197439380374,
    "epoch": 21
}