{
    "timescale": 0.7,
    "testnums": 50,
    "lif_mean": 0.004927852191030979,
    "lif_std": 0.008915875107049942,
    "dyna_mean": 0.0035784298088401556,
    "dyna_std": 0.006367370020598173
}