{
    "mse_lif": 3.673930041259155e-05,
    "mse_dyna": 8.760844139032997e-06
}