{
    "mse_lif": 6.982827471802011e-05,
    "mse_dyna": 1.7441855959532404e-07
}