{
    "mean": 0.8298611111111112,
    "std": 0.11795338716293771,
    "epoch": 751
}