{
    "timescale": 5.0,
    "testnums": 50,
    "lif_mean": 0.000653630297165364,
    "lif_std": 0.001221316633746028,
    "dyna_mean": 1.4967394236009568e-05,
    "dyna_std": 1.5762772818561643e-05
}