{
    "timescale": 9.0,
    "testnums": 50,
    "lif_mean": 0.02467191219329834,
    "lif_std": 0.02588600106537342,
    "dyna_mean": 3.8874635696411133,
    "dyna_std": 4.302798748016357
}