{
    "timescale": 2.0,
    "testnums": 50,
    "lif_mean": 1.9555354811018333e-05,
    "lif_std": 3.0180181056493893e-05,
    "dyna_mean": 1.8991812567037414e-06,
    "dyna_std": 3.4550346299511148e-06
}