{
    "mse_lif": 0.034556396305561066,
    "mse_dyna": 0.0011070003965869546
}