{
    "mean": 0.8784722222222222,
    "std": 0.09368567752244472,
    "epoch": 600
}