{
    "mean": 0.002627963712438941,
    "std": 0.00039131745236270076,
    "epoch": 195
}