{
    "mean": 0.003004000708460808,
    "std": 0.0005365215330073861,
    "epoch": 145
}