{
    "mse_lif": 0.002549242926761508,
    "mse_dyna": 4.5437269591275253e-07
}