{
    "mse_lif": 0.005599679425358772,
    "mse_dyna": 2.4662485884618945e-06
}