{
    "timescale": 5.0,
    "testnums": 50,
    "lif_mean": 0.0005733202560804784,
    "lif_std": 0.0009186360402964056,
    "dyna_mean": 1.4913010090822354e-05,
    "dyna_std": 1.493849867983954e-05
}