{
    "mse_lif": 3.254944385844283e-05,
    "mse_dyna": 2.5616329367039725e-05
}