{
    "timescale": 0.2,
    "testnums": 50,
    "lif_mean": 0.0001292060042032972,
    "lif_std": 0.00015877242549322546,
    "dyna_mean": 0.0004242633585818112,
    "dyna_std": 0.0007663224241696298
}