{
    "timescale": 0.5,
    "testnums": 50,
    "lif_mean": 8.95796183613129e-05,
    "lif_std": 7.878366886870936e-05,
    "dyna_mean": 0.00011510807235026732,
    "dyna_std": 0.00011559102131286636
}