{
    "timescale": 0.5,
    "testnums": 50,
    "lif_mean": 3.244645631639287e-05,
    "lif_std": 4.015382728539407e-05,
    "dyna_mean": 1.3303852938406635e-05,
    "dyna_std": 1.3813568330078851e-05
}