{
    "timescale": 0.2,
    "testnums": 50,
    "lif_mean": 0.008839269168674946,
    "lif_std": 0.014942807145416737,
    "dyna_mean": 0.002245925599709153,
    "dyna_std": 0.0020640359725803137
}