{
    "max": {
        "joint0": -1.292717994884032,
        "joint1": -1.4530589122497295,
        "joint2": 2.310197071099856,
        "joint3": -2.020018736309588,
        "joint4": -1.5707963267948963,
        "joint5": 0.2780783319108648
    },
    "min": {
        "joint0": -2.4881339986023154,
        "joint1": -1.8609746615851648,
        "joint2": 1.9447144554656268,
        "joint3": -2.0709855845178256,
        "joint4": -1.570796326794897,
        "joint5": -0.9173376718074184
    }
}