{
    "timescale": 4.0,
    "testnums": 50,
    "lif_mean": 0.001486300490796566,
    "lif_std": 0.0020022625103592873,
    "dyna_mean": 8.041006367420778e-05,
    "dyna_std": 4.035127130919136e-05
}