{
    "mse_lif": 0.0013834574492648244,
    "mse_dyna": 6.715821427860647e-07
}