{
    "timescale": 4.0,
    "testnums": 50,
    "lif_mean": 0.017233192920684814,
    "lif_std": 0.013675300404429436,
    "dyna_mean": 0.5539999604225159,
    "dyna_std": 0.6970522999763489
}