{
    "timescale": 10.0,
    "testnums": 50,
    "lif_mean": 0.002019096864387393,
    "lif_std": 0.002831068355590105,
    "dyna_mean": 7.771240780130029e-05,
    "dyna_std": 4.402529521030374e-05
}