{
    "mean": 0.9097222222222222,
    "std": 0.07856742013183861,
    "epoch": 770
}