{
    "mse_lif": 4.454561712918803e-05,
    "mse_dyna": 5.277711352391634e-06
}