{
    "mse_lif": 9.935610250977334e-06,
    "mse_dyna": 1.424492779733555e-06
}