{
    "mean": 0.8194444444444444,
    "std": 0.12217091726221653,
    "epoch": 635
}