{
    "mean": 0.4930555555555556,
    "std": 0.06211299937499416,
    "epoch": 6
}