{
    "mean": 0.6319444444444444,
    "std": 0.07030714142818259,
    "epoch": 48
}