{
    "mean": 0.7256944444444444,
    "std": 0.09291033444624758,
    "epoch": 159
}