{
    "mean": 0.40625,
    "std": 0.08715208609729953,
    "epoch": 2
}