{
    "timescale": 3.0,
    "testnums": 50,
    "lif_mean": 3.7143341614864767e-05,
    "lif_std": 5.941612471360713e-05,
    "dyna_mean": 2.926163915617508e-06,
    "dyna_std": 3.44623185810633e-06
}