{
    "mse_lif": 0.00011148151679662988,
    "mse_dyna": 1.5474715553409624e-07
}