{
    "timescale": 0.8,
    "testnums": 50,
    "lif_mean": 0.00048317498294636607,
    "lif_std": 0.00046348379692062736,
    "dyna_mean": 0.0003958408487960696,
    "dyna_std": 0.0003300083917565644
}