{
    "timescale": 8.0,
    "testnums": 50,
    "lif_mean": 0.000719785108231008,
    "lif_std": 0.0012791056651622057,
    "dyna_mean": 1.4313491192297079e-05,
    "dyna_std": 1.5244808309944347e-05
}