{
    "timescale": 0.8,
    "testnums": 50,
    "lif_mean": 2.2642361727776006e-06,
    "lif_std": 4.523032657743897e-06,
    "dyna_mean": 1.346094109067053e-06,
    "dyna_std": 3.2029440717451507e-06
}