{
    "mse_lif": 1.4087076124269515e-05,
    "mse_dyna": 7.403560175589519e-06
}