{
    "mse_lif": 0.0019018662860617042,
    "mse_dyna": 2.4158584892575163e-06
}