{
    "timescale": 0.6,
    "testnums": 50,
    "lif_mean": 0.0073423427529633045,
    "lif_std": 0.004332093056291342,
    "dyna_mean": 0.009922584518790245,
    "dyna_std": 0.006745075341314077
}