{
    "timescale": 0.9,
    "testnums": 50,
    "lif_mean": 0.025409357622265816,
    "lif_std": 0.023359496146440506,
    "dyna_mean": 0.023915119469165802,
    "dyna_std": 0.0217397790402174
}