{
    "timescale": 0.4,
    "testnums": 50,
    "lif_mean": 6.025652328389697e-05,
    "lif_std": 9.343447163701057e-05,
    "dyna_mean": 1.4891398677718826e-05,
    "dyna_std": 1.3959895113657694e-05
}