{
    "timescale": 4.0,
    "testnums": 50,
    "lif_mean": 0.0007579578668810427,
    "lif_std": 0.002517435932531953,
    "dyna_mean": 6.386612221831456e-05,
    "dyna_std": 0.00010558006033534184
}