{
    "mse_lif": 0.0006340440013445914,
    "mse_dyna": 4.0279428503708914e-07
}