{
    "model": "dynamic-snn",
    "datatype": "gesture",
    "time-scale": 2,
    "mse_v_mean": 0.08001352846622467,
    "mse_v_std": 0.0,
    "mse_s_mean": 0.08429266512393951,
    "mse_s_std": 0.0
}