{
    "mse_lif": 0.0009586723754182458,
    "mse_dyna": 1.4654518736278987e-06
}