{
    "timescale": 0.4,
    "testnums": 50,
    "lif_mean": 5.441155735752545e-05,
    "lif_std": 5.422399044618942e-05,
    "dyna_mean": 1.589961175341159e-05,
    "dyna_std": 1.667314427322708e-05
}