{
    "timescale": 7.0,
    "testnums": 50,
    "lif_mean": 0.0023255248088389635,
    "lif_std": 0.003878951072692871,
    "dyna_mean": 8.20885252323933e-05,
    "dyna_std": 5.451900506159291e-05
}