{
    "mse_lif": 5.692126433132216e-05,
    "mse_dyna": 4.0629391151014715e-05
}