{
    "mse_lif": 1.64522607519757e-05,
    "mse_dyna": 7.432465309875624e-08
}