{
    "mse_lif": 2.876182406907901e-05,
    "mse_dyna": 1.6829946616780944e-05
}