{
    "mean": 0.73125,
    "std": 0.04122158111960287,
    "epoch": 653
}