{
    "mean": 0.403125,
    "std": 0.08580956386091239,
    "epoch": 1
}