{
    "mean": 0.6909722222222222,
    "std": 0.14764091406575902
}