{
    "timescale": 7.0,
    "testnums": 50,
    "lif_mean": 5.133053855388425e-05,
    "lif_std": 8.858260844135657e-05,
    "dyna_mean": 3.8419475458795205e-06,
    "dyna_std": 5.008028438169276e-06
}