{
    "timescale": 0.5,
    "testnums": 50,
    "lif_mean": 0.001093755243346095,
    "lif_std": 0.001956290565431118,
    "dyna_mean": 0.00020527986634988338,
    "dyna_std": 0.00033029078622348607
}