{
    "mean": 0.8680555555555556,
    "std": 0.06172357234246937,
    "epoch": 82
}