{
    "mse_lif": 1.1440058187872637e-05,
    "mse_dyna": 1.6138797320763842e-07
}