{
    "mse_lif": 1.881169191619847e-05,
    "mse_dyna": 6.976747499720659e-06
}