{
    "timescale": 4.0,
    "testnums": 50,
    "lif_mean": 0.0017600172432139516,
    "lif_std": 0.003098747693002224,
    "dyna_mean": 0.04154188930988312,
    "dyna_std": 0.08187881857156754
}