{
    "timescale": 8.0,
    "testnums": 50,
    "lif_mean": 7.849295684536628e-07,
    "lif_std": 3.282624902567477e-06,
    "dyna_mean": 1.0113203785522273e-07,
    "dyna_std": 3.613099011090526e-07
}