{
    "timescale": 2.0,
    "testnums": 50,
    "lif_mean": 2.934599069703836e-05,
    "lif_std": 5.1775368774542585e-05,
    "dyna_mean": 2.5503072720312048e-06,
    "dyna_std": 3.543784714565845e-06
}