{
    "mean": 0.8576388888888888,
    "std": 0.07081971546656646
}