{
    "timescale": 0.8,
    "testnums": 50,
    "lif_mean": 1.9275472368462943e-05,
    "lif_std": 2.303371365997009e-05,
    "dyna_mean": 1.2547725418698974e-05,
    "dyna_std": 1.3333036804397125e-05
}