{
    "timescale": 2.0,
    "testnums": 50,
    "lif_mean": 0.0003982463094871491,
    "lif_std": 0.0007530379225499928,
    "dyna_mean": 4.004401489510201e-05,
    "dyna_std": 4.291945879231207e-05
}