{
    "mse_lif": 0.0003589440602809191,
    "mse_dyna": 3.289376593329507e-07
}