{
    "mse_lif": 0.0003123136411886662,
    "mse_dyna": 4.332349305968819e-07
}