{
    "timescale": 10.0,
    "testnums": 50,
    "lif_mean": 0.00153205799870193,
    "lif_std": 0.00572305079549551,
    "dyna_mean": 1.7912952898768708e-05,
    "dyna_std": 1.4409637515200302e-05
}