{
    "timescale": 10.0,
    "testnums": 50,
    "lif_mean": 4.261110007064417e-05,
    "lif_std": 6.405280146282166e-05,
    "dyna_mean": 3.7144998259464046e-06,
    "dyna_std": 4.10290522268042e-06
}