{
    "timescale": 6.0,
    "testnums": 50,
    "lif_mean": 0.0027939348947256804,
    "lif_std": 0.004269102588295937,
    "dyna_mean": 8.241707109846175e-05,
    "dyna_std": 4.4821510527981445e-05
}