{
    "timescale": 7.0,
    "testnums": 50,
    "lif_mean": 0.001290511921979487,
    "lif_std": 0.003202111693099141,
    "dyna_mean": 6.608124385820702e-05,
    "dyna_std": 7.64600481488742e-05
}