{
    "mean": 0.0032007919624447824,
    "std": 0.0007856938994780167,
    "epoch": 115
}