{
    "mean": 0.0024163968861103057,
    "std": 0.0004466038175030687,
    "epoch": 199
}