{
    "timescale": 8.0,
    "testnums": 50,
    "lif_mean": 0.002529706573113799,
    "lif_std": 0.0028180195949971676,
    "dyna_mean": 8.941475971369073e-05,
    "dyna_std": 4.087859997525811e-05
}