{
    "mse_lif": 0.0001542190002510324,
    "mse_dyna": 8.835832687736911e-08
}