{
    "mse_lif": 1.9326920664752834e-05,
    "mse_dyna": 2.9427944525650673e-08
}