{
    "mean": 0.925925925925926,
    "std": 0.07356596565773471,
    "epoch": 226
}