{
    "timescale": 0.4,
    "testnums": 50,
    "lif_mean": 1.8251741494168527e-05,
    "lif_std": 1.961505950021092e-05,
    "dyna_mean": 1.5900193830020726e-05,
    "dyna_std": 2.141181357728783e-05
}