{
    "timescale": 0.4,
    "testnums": 50,
    "lif_mean": 5.089130809210474e-06,
    "lif_std": 8.255728971562348e-06,
    "dyna_mean": 7.306545626306615e-07,
    "dyna_std": 1.6622689145151526e-06
}