{
    "timescale": 9.0,
    "testnums": 50,
    "lif_mean": 0.00011995850945822895,
    "lif_std": 0.00026765395887196064,
    "dyna_mean": 4.1737134779396e-06,
    "dyna_std": 6.749367003067164e-06
}