{
    "timescale": 0.6,
    "testnums": 50,
    "lif_mean": 0.010966967791318893,
    "lif_std": 0.033534396439790726,
    "dyna_mean": 0.00864753220230341,
    "dyna_std": 0.02649545669555664
}