{
    "mse_lif": 2.3621520085725933e-05,
    "mse_dyna": 2.9090031148371054e-06
}