{
    "mean": 0.7395833333333334,
    "std": 0.06073908223797188,
    "epoch": 40
}