{
    "mean": 0.8923611111111112,
    "std": 0.09445465631066281,
    "epoch": 285
}