{
    "mean": 0.8506944444444444,
    "std": 0.06383602885711888,
    "epoch": 243
}