{
    "mean": 0.9270833333333334,
    "std": 0.07654655446197431,
    "epoch": 371
}