{
    "mean": 0.7881944444444444,
    "std": 0.060340788878412384,
    "epoch": 171
}