{
    "mean": 0.7708333333333334,
    "std": 0.0675077156084152,
    "epoch": 99
}