{
    "timescale": 8.0,
    "testnums": 50,
    "lif_mean": 0.020229091867804527,
    "lif_std": 0.015420246869325638,
    "dyna_mean": 3.2453701496124268,
    "dyna_std": 4.876156806945801
}