{
    "mse_lif": 0.006985547486692667,
    "mse_dyna": 0.00023679572041146457
}