{
    "timescale": 0.6,
    "testnums": 50,
    "lif_mean": 1.1642384379229043e-05,
    "lif_std": 1.3556416888604872e-05,
    "dyna_mean": 7.574714345537359e-06,
    "dyna_std": 9.295971722167451e-06
}