{
    "timescale": 0.6,
    "testnums": 50,
    "lif_mean": 3.570008630049415e-06,
    "lif_std": 8.003071343409829e-06,
    "dyna_mean": 8.61669661844644e-07,
    "dyna_std": 2.4359924282180145e-06
}