{
    "timescale": 0.3,
    "testnums": 50,
    "lif_mean": 7.608091254951432e-05,
    "lif_std": 0.00012770156899932772,
    "dyna_mean": 2.042312189587392e-05,
    "dyna_std": 2.0287125153117813e-05
}