{
    "timescale": 9.0,
    "testnums": 50,
    "lif_mean": 5.8851666835835204e-05,
    "lif_std": 0.00011153470404678956,
    "dyna_mean": 2.735766202022205e-06,
    "dyna_std": 2.686261495910003e-06
}