{
    "max": {
        "joint0": -1.2127488719799857,
        "joint1": -0.9554714109553544,
        "joint2": 2.3126321340073788,
        "joint3": -1.647786040495712,
        "joint4": -1.5707963267948963,
        "joint5": 0.358047454814911
    },
    "min": {
        "joint0": -2.583032373493804,
        "joint1": -1.8647003766755,
        "joint2": 1.2400336357557102,
        "joint3": -2.070975157920873,
        "joint4": -1.5798928916504178,
        "joint5": -1.0122360466989075
    }
}