{
    "max": {
        "target_x": 0.015074882985528115,
        "target_y": 0.0113087852248
    },
    "min": {
        "target_x": -0.015074924264217138,
        "target_y": -0.0113088959710684
    }
}