{
    "mean": 0.01199929160065949,
    "std": 0.004263757495209575,
    "epoch": 98
}