{
    "mean": 0.6840277777777778,
    "std": 0.07283394778959386,
    "epoch": 46
}