{
    "mean": 0.6770833333333334,
    "std": 0.06421264586426018,
    "epoch": 33
}