{
    "mean": 0.8819444444444444,
    "std": 0.11002069109551985,
    "epoch": 733
}