{
    "mean": 0.6805555555555556,
    "std": 0.04606423319938055,
    "epoch": 36
}