{
    "mean": 0.7118055555555556,
    "std": 0.07183389189436529,
    "epoch": 73
}