{
    "mean": 0.7222222222222222,
    "std": 0.08391004148329564,
    "epoch": 124
}