{
    "mean": 0.7430555555555556,
    "std": 0.06874649261535878,
    "epoch": 132
}