{
    "mean": 0.71875,
    "std": 0.08960755486502736,
    "epoch": 109
}