{
    "mean": 0.6215277777777778,
    "std": 0.0757549452405258,
    "epoch": 23
}