{
    "mean": 0.5972222222222222,
    "std": 0.06326689985516874,
    "epoch": 19
}