{
    "mean": 0.7152777777777778,
    "std": 0.04983576421669209,
    "epoch": 83
}