{
    "timescale": 3.0,
    "testnums": 50,
    "lif_mean": 8.613743602836621e-07,
    "lif_std": 2.124113734680577e-06,
    "dyna_mean": 9.273681200738793e-08,
    "dyna_std": 2.100828737638949e-07
}