{
    "timescale": 0.8,
    "testnums": 50,
    "lif_mean": 6.828315690654563e-06,
    "lif_std": 1.0246960300719365e-05,
    "dyna_mean": 5.073845841252478e-06,
    "dyna_std": 7.549627298431005e-06
}