{
    "timescale": 2.0,
    "testnums": 50,
    "lif_mean": 2.7582193069974892e-05,
    "lif_std": 3.7944071664242074e-05,
    "dyna_mean": 1.3940125427325256e-06,
    "dyna_std": 1.5570452660540468e-06
}