{
    "timescale": 2.0,
    "testnums": 50,
    "lif_mean": 9.738938615555526e-07,
    "lif_std": 2.5348260805913014e-06,
    "dyna_mean": 1.0047286025383073e-07,
    "dyna_std": 2.7767148935708974e-07
}