{
    "timescale": 8.0,
    "testnums": 50,
    "lif_mean": 0.0018845089944079518,
    "lif_std": 0.002243775874376297,
    "dyna_mean": 8.419647201662883e-05,
    "dyna_std": 5.3993378969607875e-05
}