{
    "mean": 0.007276627793908119,
    "std": 0.000538710304632267,
    "epoch": 195
}