{
    "mse_lif": 9.85005681286566e-05,
    "mse_dyna": 8.296169653476682e-06
}