{
    "mean": 0.034908456960693,
    "std": 0.0018067361630602888,
    "epoch": 189
}