{
    "mean": 0.042536611668765545,
    "std": 0.0012449148369274143,
    "epoch": 50
}