{
    "timescale": 0.8,
    "testnums": 50,
    "lif_mean": 0.003898264840245247,
    "lif_std": 0.004743197001516819,
    "dyna_mean": 0.0022583783138543367,
    "dyna_std": 0.0024786898866295815
}