{
    "timescale": 9.0,
    "testnums": 50,
    "lif_mean": 0.0021141169127076864,
    "lif_std": 0.002723195357248187,
    "dyna_mean": 7.845651998650283e-05,
    "dyna_std": 4.6451747039100155e-05
}