{
    "mean": 0.006784978415817022,
    "std": 0.0002216801332838726,
    "epoch": 49
}