{
    "mean": 0.005390767846256495,
    "std": 9.61120706518041e-05,
    "epoch": 186
}