{
    "timescale": 0.1,
    "testnums": 50,
    "lif_mean": 2.0355224478407763e-05,
    "lif_std": 2.6272351533407345e-05,
    "dyna_mean": 4.169521344010718e-05,
    "dyna_std": 6.781028059776872e-05
}