{
    "timescale": 0.5,
    "testnums": 50,
    "lif_mean": 5.862741818418726e-05,
    "lif_std": 8.916155638871714e-05,
    "dyna_mean": 1.2048246389895212e-05,
    "dyna_std": 1.3590823073172942e-05
}