{
    "mse_lif": 0.0005423983093351126,
    "mse_dyna": 8.583681960772083e-07
}