{
    "mse_lif": 0.0007073972374200821,
    "mse_dyna": 0.0007073972374200821
}