{
    "timescale": 7.0,
    "testnums": 50,
    "lif_mean": 6.1514783737948164e-06,
    "lif_std": 7.783813089190517e-06,
    "dyna_mean": 1.5107248430012987e-07,
    "dyna_std": 4.034692437926424e-07
}