{
    "timescale": 0.1,
    "testnums": 50,
    "lif_mean": 0.011091661639511585,
    "lif_std": 0.012332696467638016,
    "dyna_mean": 0.0019829298835247755,
    "dyna_std": 0.0020483285188674927
}