{
    "mse_lif": 3.235291660530493e-05,
    "mse_dyna": 1.4703406122862361e-05
}