{
    "mse_lif": 1.1661549251584802e-05,
    "mse_dyna": 1.498522266274449e-07
}