{
    "timescale": 0.9,
    "testnums": 50,
    "lif_mean": 1.950911246240139e-05,
    "lif_std": 1.533049544377718e-05,
    "dyna_mean": 1.6394253179896623e-05,
    "dyna_std": 1.2728221918223426e-05
}