{
    "timescale": 9.0,
    "testnums": 50,
    "lif_mean": 0.002969992347061634,
    "lif_std": 0.004727577790617943,
    "dyna_mean": 0.30504196882247925,
    "dyna_std": 0.5393804907798767
}