{
    "mse_lif": 6.199913332238793e-05,
    "mse_dyna": 3.591525091906078e-05
}