{
    "timescale": 9.0,
    "testnums": 50,
    "lif_mean": 0.0007047231774777174,
    "lif_std": 0.0012668049894273281,
    "dyna_mean": 4.6095690777292475e-05,
    "dyna_std": 2.8761403882526793e-05
}