{
    "timescale": 0.6,
    "testnums": 50,
    "lif_mean": 1.3875260265194811e-05,
    "lif_std": 1.3555541045207065e-05,
    "dyna_mean": 9.72455381997861e-06,
    "dyna_std": 1.0890916200878564e-05
}