{
    "timescale": 9.0,
    "testnums": 50,
    "lif_mean": 0.005083955358713865,
    "lif_std": 0.0059214187785983086,
    "dyna_mean": 0.00013306803884916008,
    "dyna_std": 7.21755059203133e-05
}