{
    "slope": -1.9131595865891335,
    "intercept": -7.088173872389619
}