{
    "timescale": 7.0,
    "testnums": 50,
    "lif_mean": 0.002403966151177883,
    "lif_std": 0.003328143386170268,
    "dyna_mean": 7.489439303753898e-05,
    "dyna_std": 4.3439202272566035e-05
}