{
    "timescale": 4.0,
    "testnums": 50,
    "lif_mean": 0.0038473831955343485,
    "lif_std": 0.005932176019996405,
    "dyna_mean": 0.00011777455802075565,
    "dyna_std": 6.088304508011788e-05
}