{
    "mse_lif": 0.0005450474563986063,
    "mse_dyna": 0.00023925105051603168
}